label,controller,delay_frames,ego_speed_kmh,lead_speed_kmh,mu,headway_thw,headway_d,avoided,collision_with,s_clearance,a_b_mfdd,t_c_warn,dv_speed_var,collision_speed_kmh,peak_decel,brake_distance,min_dist,a_req_at_brake,a_max,is_conflict,result_txt,noise_sigma_m,noise_sigma_vr,dropout_p,dropout_mode,test_mode,seed,comp_source,comp_L_frames
enhanced_predictive_d8f_L4f,enhanced_predictive,8,20.0,20.0,0.85,1.0,5.555555555555555,False,vehicle.ue4.audi.tt,0.0,0.0,0.0,5.713282639162758,14.286717360837242,0.0,0.0,4.9217739122693045,0.0,8.3385,True,COLLISION with vehicle.ue4.audi.tt,0.0,0.0,0.0,freeze,latency_mismatch,26660000,mismatched,4
enhanced_predictive_d8f_L4f,enhanced_predictive,8,20.0,20.0,0.4,1.0,5.555555555555555,False,vehicle.ue4.audi.tt,0.0,0.0,0.0,5.715610086983789,14.284389913016211,0.0,0.0,4.9218521202430665,0.0,3.9240000000000004,True,COLLISION with vehicle.ue4.audi.tt,0.0,0.0,0.0,freeze,latency_mismatch,26660001,mismatched,4
enhanced_predictive_d8f_L4f,enhanced_predictive,8,20.0,20.0,0.85,1.5,8.333333333333332,False,vehicle.ue4.audi.tt,0.0,0.0,0.30504172513748773,12.256431042992567,7.743568957007434,8.3385,0.0,4.906198504401216,9.815299911905292,8.3385,True,COLLISION with vehicle.ue4.audi.tt,0.0,0.0,0.0,freeze,latency_mismatch,26660002,mismatched,4
enhanced_predictive_d8f_L4f,enhanced_predictive,8,20.0,20.0,0.4,1.5,8.333333333333332,False,vehicle.ue4.audi.tt,0.0,0.0,0.7637303179399831,14.14811382014473,5.85188617985527,3.924000000000003,0.0,4.901103975617824,5.127695868345429,3.9240000000000004,True,COLLISION with vehicle.ue4.audi.tt,0.0,0.0,0.0,freeze,latency_mismatch,26660003,mismatched,4
enhanced_predictive_d8f_L4f,enhanced_predictive,8,20.0,20.0,0.85,2.0,11.11111111111111,False,vehicle.ue4.audi.tt,0.0,0.0,0.331672961015413,13.378479811396812,6.6215201886031885,8.3385,0.0,4.919620513917887,8.27201737845651,8.3385,True,COLLISION with vehicle.ue4.audi.tt,0.0,0.0,0.0,freeze,latency_mismatch,26660004,mismatched,4
enhanced_predictive_d8f_L4f,enhanced_predictive,8,20.0,20.0,0.4,2.0,11.11111111111111,False,vehicle.ue4.audi.tt,0.0,0.0,1.0961755097962012,15.819334911889246,4.180665088110754,3.924000000000003,0.0,4.893146525120887,3.0994276197704416,3.9240000000000004,True,COLLISION with vehicle.ue4.audi.tt,0.0,0.0,0.0,freeze,latency_mismatch,26660005,mismatched,4
enhanced_predictive_d8f_L4f,enhanced_predictive,8,20.0,20.0,0.85,2.5,13.88888888888889,False,vehicle.ue4.audi.tt,0.0,0.0,0.3364583839710937,13.254023322571003,6.745976677428997,8.3385,0.0,4.919313431191863,8.154501489433,8.3385,True,COLLISION with vehicle.ue4.audi.tt,0.0,0.0,0.0,freeze,latency_mismatch,26660006,mismatched,4
enhanced_predictive_d8f_L4f,enhanced_predictive,8,20.0,20.0,0.4,2.5,13.88888888888889,False,vehicle.ue4.audi.tt,0.0,0.0,0.9346683715697507,15.482328562062978,4.517671437937021,3.924000000000003,0.0,4.897735610782555,2.9333916901798127,3.9240000000000004,True,COLLISION with vehicle.ue4.audi.tt,0.0,0.0,0.0,freeze,latency_mismatch,26660007,mismatched,4
enhanced_predictive_d8f_L4f,enhanced_predictive,8,20.0,20.0,0.85,3.0,16.666666666666664,False,vehicle.ue4.audi.tt,0.0,0.0,0.34047858261829184,12.947877944649427,7.052122055350573,8.3385,0.0,4.917594937160123,8.058215704999864,8.3385,True,COLLISION with vehicle.ue4.audi.tt,0.0,0.0,0.0,freeze,latency_mismatch,26660008,mismatched,4
enhanced_predictive_d8f_L4f,enhanced_predictive,8,20.0,20.0,0.4,3.0,16.666666666666664,False,vehicle.ue4.audi.tt,0.0,0.0,0.9397868287720406,15.450587603477622,4.549412396522378,3.924000000000003,0.0,4.894399703753326,2.919710757427028,3.9240000000000004,True,COLLISION with vehicle.ue4.audi.tt,0.0,0.0,0.0,freeze,latency_mismatch,26660009,mismatched,4
enhanced_predictive_d8f_L4f,enhanced_predictive,8,30.0,30.0,0.85,1.0,8.333333333333334,False,vehicle.ue4.audi.tt,0.0,0.0,0.5145454884722515,18.06116519048753,11.938834809512471,8.3385,0.0,4.899705889224217,10.17040209754301,8.3385,True,COLLISION with vehicle.ue4.audi.tt,0.0,0.0,0.0,freeze,latency_mismatch,26660010,mismatched,4
enhanced_predictive_d8f_L4f,enhanced_predictive,8,30.0,30.0,0.4,1.0,8.333333333333334,False,vehicle.ue4.audi.tt,0.0,0.0,0.7312167076160889,17.93163204969959,12.06836795030041,3.924000000000003,0.0,4.939010623537919,8.108274098307549,3.9240000000000004,True,COLLISION with vehicle.ue4.audi.tt,0.0,0.0,0.0,freeze,latency_mismatch,26660011,mismatched,4
enhanced_predictive_d8f_L4f,enhanced_predictive,8,30.0,30.0,0.85,1.5,12.5,False,vehicle.ue4.audi.tt,0.0,0.0,0.7582597754704228,21.805428858680358,8.19457114131964,8.3385,0.0,4.914482240942212,6.783365237515526,8.3385,True,COLLISION with vehicle.ue4.audi.tt,0.0,0.0,0.0,freeze,latency_mismatch,26660012,mismatched,4
enhanced_predictive_d8f_L4f,enhanced_predictive,8,30.0,30.0,0.4,1.5,12.5,False,vehicle.ue4.audi.tt,0.0,0.0,1.9091153192751957,24.482398461405992,5.5176015385940085,3.924000000000003,0.0,4.912582401436965,4.078473525422057,3.9240000000000004,True,COLLISION with vehicle.ue4.audi.tt,0.0,0.0,0.0,freeze,latency_mismatch,26660013,mismatched,4
enhanced_predictive_d8f_L4f,enhanced_predictive,8,30.0,30.0,0.85,2.0,16.666666666666668,False,vehicle.ue4.audi.tt,0.0,0.0,0.6089002876843055,21.846317968380585,8.153682031619415,8.3385,0.0,4.90696338007689,6.786336002337325,8.3385,True,COLLISION with vehicle.ue4.audi.tt,0.0,0.0,0.0,freeze,latency_mismatch,26660014,mismatched,4
enhanced_predictive_d8f_L4f,enhanced_predictive,8,30.0,30.0,0.4,2.0,16.666666666666668,False,vehicle.ue4.audi.tt,0.0,0.0,2.4856270174789907,25.603155238142868,4.396844761857134,3.924000000000003,0.0,4.903713231527209,2.9234281792754633,3.9240000000000004,True,COLLISION with vehicle.ue4.audi.tt,0.0,0.0,0.0,freeze,latency_mismatch,26660015,mismatched,4
enhanced_predictive_d8f_L4f,enhanced_predictive,8,30.0,30.0,0.85,2.5,20.833333333333336,False,vehicle.ue4.audi.tt,0.0,0.0,0.6127733781529325,21.682572317018202,8.317427682981798,8.3385,0.0,4.908359541915419,6.743566674507407,8.3385,True,COLLISION with vehicle.ue4.audi.tt,0.0,0.0,0.0,freeze,latency_mismatch,26660016,mismatched,4
enhanced_predictive_d8f_L4f,enhanced_predictive,8,30.0,30.0,0.4,2.5,20.833333333333336,False,vehicle.ue4.audi.tt,0.0,0.0,1.8056867205425549,25.807439049264424,4.192560950735576,3.924000000000003,0.0,4.904163361642501,2.7260663960576483,3.9240000000000004,True,COLLISION with vehicle.ue4.audi.tt,0.0,0.0,0.0,freeze,latency_mismatch,26660017,mismatched,4
enhanced_predictive_d8f_L4f,enhanced_predictive,8,30.0,30.0,0.85,3.0,25.0,False,vehicle.ue4.audi.tt,0.0,0.0,0.6163183871157842,21.694167681638106,8.305832318361894,8.3385,0.0,4.900890427306845,6.704716467298071,8.3385,True,COLLISION with vehicle.ue4.audi.tt,0.0,0.0,0.0,freeze,latency_mismatch,26660018,mismatched,4
enhanced_predictive_d8f_L4f,enhanced_predictive,8,30.0,30.0,0.4,3.0,25.0,False,vehicle.ue4.audi.tt,0.0,0.0,1.5176576727164632,25.185879322771264,4.814120677228738,3.924000000000003,0.0,4.905395549613646,2.725564425060676,3.9240000000000004,True,COLLISION with vehicle.ue4.audi.tt,0.0,0.0,0.0,freeze,latency_mismatch,26660019,mismatched,4
enhanced_predictive_d8f_L4f,enhanced_predictive,8,40.0,40.0,0.85,1.0,11.11111111111111,False,vehicle.ue4.audi.tt,0.0,0.0,1.1293495455238685,29.990051686296958,10.00994831370304,8.3385,0.0,4.924916652840426,7.528066074235256,8.3385,True,COLLISION with vehicle.ue4.audi.tt,0.0,0.0,0.0,freeze,latency_mismatch,26660020,mismatched,4
enhanced_predictive_d8f_L4f,enhanced_predictive,8,40.0,40.0,0.4,1.0,11.11111111111111,False,vehicle.ue4.audi.tt,0.0,0.0,1.4625655724835638,25.794024807306016,14.205975192693986,3.924000000000003,0.0,4.897527702646254,6.587173239442366,3.9240000000000004,True,COLLISION with vehicle.ue4.audi.tt,0.0,0.0,0.0,freeze,latency_mismatch,26660021,mismatched,4
enhanced_predictive_d8f_L4f,enhanced_predictive,8,40.0,40.0,0.85,1.5,16.666666666666664,False,vehicle.ue4.audi.tt,0.0,0.0,1.2468057055931854,31.305138836815395,8.694861163184607,8.338500000000018,0.0,4.908007480574177,6.248368817724047,8.3385,True,COLLISION with vehicle.ue4.audi.tt,0.0,0.0,0.0,freeze,latency_mismatch,26660022,mismatched,4
enhanced_predictive_d8f_L4f,enhanced_predictive,8,40.0,40.0,0.4,1.5,16.666666666666664,False,vehicle.ue4.audi.tt,0.0,0.0,2.985057051632679,33.03248104358987,6.967518956410134,3.924000000000003,0.0,4.91075517166407,4.114588131188226,3.9240000000000004,True,COLLISION with vehicle.ue4.audi.tt,0.0,0.0,0.0,freeze,latency_mismatch,26660023,mismatched,4
enhanced_predictive_d8f_L4f,enhanced_predictive,8,40.0,40.0,0.85,2.0,22.22222222222222,False,vehicle.ue4.audi.tt,0.0,0.0,0.9648030947434129,31.369409926984126,8.630590073015872,8.338500000000018,0.0,4.900474453234469,6.225995549093826,8.3385,True,COLLISION with vehicle.ue4.audi.tt,0.0,0.0,0.0,freeze,latency_mismatch,26660024,mismatched,4
enhanced_predictive_d8f_L4f,enhanced_predictive,8,40.0,40.0,0.4,2.0,22.22222222222222,False,vehicle.ue4.audi.tt,0.0,0.0,4.08378807036768,35.14718165426408,4.85281834573592,3.924000000000003,0.0,4.895210392465286,3.0792574153576657,3.9240000000000004,True,COLLISION with vehicle.ue4.audi.tt,0.0,0.0,0.0,freeze,latency_mismatch,26660025,mismatched,4
enhanced_predictive_d8f_L4f,enhanced_predictive,8,40.0,40.0,0.85,2.5,27.77777777777778,False,vehicle.ue4.audi.tt,0.0,0.0,0.888552956295663,32.193209848220555,7.806790151779444,8.3385,0.0,4.931304350943223,6.215482801744456,8.3385,True,COLLISION with vehicle.ue4.audi.tt,0.0,0.0,0.0,freeze,latency_mismatch,26660026,mismatched,4
enhanced_predictive_d8f_L4f,enhanced_predictive,8,40.0,40.0,0.4,2.5,27.77777777777778,False,vehicle.ue4.audi.tt,0.0,0.0,3.864843458108564,35.45532116252258,4.544678837477421,3.924000000000003,0.0,4.9013902250328325,2.6384295086024885,3.9240000000000004,True,COLLISION with vehicle.ue4.audi.tt,0.0,0.0,0.0,freeze,latency_mismatch,26660027,mismatched,4
enhanced_predictive_d8f_L4f,enhanced_predictive,8,40.0,40.0,0.85,3.0,33.33333333333333,False,vehicle.ue4.audi.tt,0.0,0.0,0.8917089788791946,30.943203417397932,9.056796582602068,8.3385,0.0,4.90977681614957,6.193534924344403,8.3385,True,COLLISION with vehicle.ue4.audi.tt,0.0,0.0,0.0,freeze,latency_mismatch,26660028,mismatched,4
enhanced_predictive_d8f_L4f,enhanced_predictive,8,40.0,40.0,0.4,3.0,33.33333333333333,False,vehicle.ue4.audi.tt,0.0,0.0,2.729846115501961,35.760266911661745,4.239733088338256,3.924000000000003,0.0,4.902275919198976,2.573660113328933,3.9240000000000004,True,COLLISION with vehicle.ue4.audi.tt,0.0,0.0,0.0,freeze,latency_mismatch,26660029,mismatched,4
enhanced_predictive_d8f_L4f,enhanced_predictive,8,50.0,50.0,0.85,1.0,13.88888888888889,False,vehicle.ue4.audi.tt,0.0,0.0,1.5396789646693683,41.75313525441943,8.246864745580567,8.338500000000018,0.0,4.933113366043161,7.339271753267539,8.3385,True,COLLISION with vehicle.ue4.audi.tt,0.0,0.0,0.0,freeze,latency_mismatch,26660030,mismatched,4
enhanced_predictive_d8f_L4f,enhanced_predictive,8,50.0,50.0,0.4,1.0,13.88888888888889,False,vehicle.ue4.audi.tt,0.0,0.0,2.1691951266612293,32.85607649393228,17.143923506067726,3.9239999999999853,0.0,4.91118560180305,6.290320779747998,3.9240000000000004,True,COLLISION with vehicle.ue4.audi.tt,0.0,0.0,0.0,freeze,latency_mismatch,26660031,mismatched,4
enhanced_predictive_d8f_L4f,enhanced_predictive,8,50.0,50.0,0.85,1.5,20.833333333333336,False,vehicle.ue4.audi.tt,0.0,0.0,1.8000506318620244,41.005201797480574,8.994798202519426,8.338500000000018,0.0,4.901821604459898,6.028237642867426,8.3385,True,COLLISION with vehicle.ue4.audi.tt,0.0,0.0,0.0,freeze,latency_mismatch,26660032,mismatched,4
enhanced_predictive_d8f_L4f,enhanced_predictive,8,50.0,50.0,0.4,1.5,20.833333333333336,False,vehicle.ue4.audi.tt,0.0,0.0,4.034113787462233,41.061222001711684,8.938777998288318,3.924000000000003,0.0,4.933280415416749,4.31138518476947,3.9240000000000004,True,COLLISION with vehicle.ue4.audi.tt,0.0,0.0,0.0,freeze,latency_mismatch,26660033,mismatched,4
enhanced_predictive_d8f_L4f,enhanced_predictive,8,50.0,50.0,0.85,2.0,27.77777777777778,False,vehicle.ue4.audi.tt,0.0,0.0,1.4391261575887642,40.71588162951979,9.284118370480208,8.3385,0.0,4.927647135498607,6.008463209554854,8.3385,True,COLLISION with vehicle.ue4.audi.tt,0.0,0.0,0.0,freeze,latency_mismatch,26660034,mismatched,4
enhanced_predictive_d8f_L4f,enhanced_predictive,8,50.0,50.0,0.4,2.0,27.77777777777778,False,vehicle.ue4.audi.tt,0.0,4.079425759359808,5.318623782247235,46.477468897152626,3.5225311028473762,3.924000000000003,0.0,4.895389032563292,3.3677805840177877,3.9240000000000004,True,COLLISION with vehicle.ue4.audi.tt,0.0,0.0,0.0,freeze,latency_mismatch,26660035,mismatched,4
enhanced_predictive_d8f_L4f,enhanced_predictive,8,50.0,50.0,0.85,2.5,34.72222222222222,False,vehicle.ue4.audi.tt,0.0,0.0,1.1641888683079369,40.6440871851365,9.355912814863505,8.3385,0.0,4.918752672087942,6.002809650617584,8.3385,True,COLLISION with vehicle.ue4.audi.tt,0.0,0.0,0.0,freeze,latency_mismatch,26660036,mismatched,4
enhanced_predictive_d8f_L4f,enhanced_predictive,8,50.0,50.0,0.4,2.5,34.72222222222222,False,vehicle.ue4.audi.tt,0.0,4.187969852109101,6.381809116390262,45.476400232107395,4.523599767892606,3.924000000000003,0.0,4.894276059113861,2.760388425878412,3.9240000000000004,True,COLLISION with vehicle.ue4.audi.tt,0.0,0.0,0.0,freeze,latency_mismatch,26660037,mismatched,4
enhanced_predictive_d8f_L4f,enhanced_predictive,8,50.0,50.0,0.85,3.0,41.66666666666667,False,,0.0,0.0,1.1531067310947036,50.0,0.0,3.3354000497013203,0.0,11.390984516925776,5.98647805202478,8.3385,True,NO BRAKE / passed,0.0,0.0,0.0,freeze,latency_mismatch,26660038,mismatched,4
enhanced_predictive_d8f_L4f,enhanced_predictive,8,50.0,50.0,0.4,3.0,41.66666666666667,False,,0.0,0.0,5.093953636604295,50.0,0.0,3.924000000000003,0.0,11.25904509012433,2.552970375397143,3.9240000000000004,True,NO BRAKE / passed,0.0,0.0,0.0,freeze,latency_mismatch,26660039,mismatched,4
enhanced_predictive_d8f_L4f,enhanced_predictive,8,60.0,60.0,0.85,1.0,16.666666666666668,False,vehicle.ue4.audi.tt,0.0,0.0,2.063011797019066,50.99348637472471,9.00651362527529,8.3385,0.0,4.916782379155945,7.124285676597167,8.3385,True,COLLISION with vehicle.ue4.audi.tt,0.0,0.0,0.0,freeze,latency_mismatch,26660040,mismatched,4
enhanced_predictive_d8f_L4f,enhanced_predictive,8,60.0,60.0,0.4,1.0,16.666666666666668,False,vehicle.ue4.audi.tt,0.0,0.0,2.8365129382140597,39.30269173520303,20.69730826479697,3.924000000000021,0.0,4.948490180787111,6.266543997194018,3.9240000000000004,True,COLLISION with vehicle.ue4.audi.tt,0.0,0.0,0.0,freeze,latency_mismatch,26660041,mismatched,4
enhanced_predictive_d8f_L4f,enhanced_predictive,8,60.0,60.0,0.85,1.5,25.0,False,vehicle.ue4.audi.tt,0.0,0.0,2.505204433201749,51.02212913023201,8.977870869767989,8.3385,0.0,4.916893513199101,5.845768063792746,8.3385,True,COLLISION with vehicle.ue4.audi.tt,0.0,0.0,0.0,freeze,latency_mismatch,26660042,mismatched,4
enhanced_predictive_d8f_L4f,enhanced_predictive,8,60.0,60.0,0.4,1.5,25.0,False,vehicle.ue4.audi.tt,0.0,0.0,5.0155809360481935,48.46724591626536,11.53275408373464,3.924000000000021,0.0,4.946732938150479,4.539792338127096,3.9240000000000004,True,COLLISION with vehicle.ue4.audi.tt,0.0,0.0,0.0,freeze,latency_mismatch,26660043,mismatched,4
enhanced_predictive_d8f_L4f,enhanced_predictive,8,60.0,60.0,0.85,2.0,33.333333333333336,False,,0.0,0.0,2.0196785619851165,60.0,0.0,8.338499999999982,0.0,8.218017580410937,5.808268327171033,8.3385,True,NO BRAKE / passed,0.0,0.0,0.0,freeze,latency_mismatch,26660044,mismatched,4
enhanced_predictive_d8f_L4f,enhanced_predictive,8,60.0,60.0,0.4,2.0,33.333333333333336,False,,0.0,0.0,7.194301241740827,60.0,0.0,3.924000000000003,0.0,8.551317059725694,3.559133300346885,3.9240000000000004,True,NO BRAKE / passed,0.0,0.0,0.0,freeze,latency_mismatch,26660045,mismatched,4
enhanced_predictive_d8f_L4f,enhanced_predictive,8,60.0,60.0,0.85,2.5,41.66666666666667,False,,0.0,0.0,1.6753681201684782,60.0,0.0,3.3354000497013203,0.0,16.387012483427327,5.79312271222198,8.3385,True,NO BRAKE / passed,0.0,0.0,0.0,freeze,latency_mismatch,26660046,mismatched,4
enhanced_predictive_d8f_L4f,enhanced_predictive,8,60.0,60.0,0.4,2.5,41.66666666666667,False,,0.0,0.0,8.533191497324998,60.0,0.0,3.9239999999999853,0.0,16.50228888401006,2.9850224684014193,3.9240000000000004,True,NO BRAKE / passed,0.0,0.0,0.0,freeze,latency_mismatch,26660047,mismatched,4
enhanced_predictive_d8f_L4f,enhanced_predictive,8,60.0,60.0,0.85,3.0,50.0,False,,0.0,0.0,1.4311342663887445,60.0,0.0,3.3354000497013203,0.0,24.49495315701495,5.789479838751494,8.3385,True,NO BRAKE / passed,0.0,0.0,0.0,freeze,latency_mismatch,26660048,mismatched,4
enhanced_predictive_d8f_L4f,enhanced_predictive,8,60.0,60.0,0.4,3.0,50.0,False,,0.0,0.0,8.152459887881479,60.0,0.0,3.9239999999999853,0.0,24.985546122087793,2.6517214501090547,3.9240000000000004,True,NO BRAKE / passed,0.0,0.0,0.0,freeze,latency_mismatch,26660049,mismatched,4
enhanced_predictive_d8f_L8f,enhanced_predictive,8,20.0,20.0,0.85,1.0,5.555555555555555,False,vehicle.ue4.audi.tt,0.0,0.0,0.0,5.713282639162758,14.286717360837242,0.0,0.0,4.9217739122693045,0.0,8.3385,True,COLLISION with vehicle.ue4.audi.tt,0.0,0.0,0.0,freeze,latency_mismatch,26700000,mismatched,8
enhanced_predictive_d8f_L8f,enhanced_predictive,8,20.0,20.0,0.4,1.0,5.555555555555555,False,vehicle.ue4.audi.tt,0.0,0.0,0.0,5.715610086983789,14.284389913016211,0.0,0.0,4.9218521202430665,0.0,3.9240000000000004,True,COLLISION with vehicle.ue4.audi.tt,0.0,0.0,0.0,freeze,latency_mismatch,26700001,mismatched,8
enhanced_predictive_d8f_L8f,enhanced_predictive,8,20.0,20.0,0.85,1.5,8.333333333333332,True,,0.2246246390247233,10.455457098056376,0.5474117118076436,20.0,0.0,8.3385,2.1320133209228516,4.992376332750413,6.339491809669599,8.3385,True,AVOIDED,0.0,0.0,0.0,freeze,latency_mismatch,26700002,mismatched,8
enhanced_predictive_d8f_L8f,enhanced_predictive,8,20.0,20.0,0.4,1.5,8.333333333333332,False,vehicle.ue4.audi.tt,0.0,0.0,0.7637303179399831,14.742308007333182,5.257691992666817,3.924000000000003,0.0,4.909479144379838,5.127695868345429,3.9240000000000004,True,COLLISION with vehicle.ue4.audi.tt,0.0,0.0,0.0,freeze,latency_mismatch,26700003,mismatched,8
enhanced_predictive_d8f_L8f,enhanced_predictive,8,20.0,20.0,0.85,2.0,11.11111111111111,True,,0.6501464847981051,9.221609126086737,0.5314333532093125,20.0,0.0,8.3385,2.281187057495117,5.417776108208233,5.162627905783898,8.3385,True,AVOIDED,0.0,0.0,0.0,freeze,latency_mismatch,26700004,mismatched,8
enhanced_predictive_d8f_L8f,enhanced_predictive,8,20.0,20.0,0.4,2.0,11.11111111111111,True,,0.4896526428875454,4.05231137975058,1.396079747592526,20.0,0.0,3.924000000000003,4.920440673828125,5.2573680970034715,2.778767749131233,3.9240000000000004,True,AVOIDED,0.0,0.0,0.0,freeze,latency_mismatch,26700005,mismatched,8
enhanced_predictive_d8f_L8f,enhanced_predictive,8,20.0,20.0,0.85,2.5,13.88888888888889,True,,0.3999004370484158,10.888895534943291,0.5362577205256541,20.0,0.0,8.3385,2.5577774047851562,5.1675300604690975,5.116556625615377,8.3385,True,AVOIDED,0.0,0.0,0.0,freeze,latency_mismatch,26700006,mismatched,8
enhanced_predictive_d8f_L8f,enhanced_predictive,8,20.0,20.0,0.4,2.5,13.88888888888889,True,,0.5177250881994455,3.829436674165234,1.135489605829364,20.0,0.0,3.924000000000003,5.745023727416992,5.285575964053938,2.4163623690086666,3.9240000000000004,True,AVOIDED,0.0,0.0,0.0,freeze,latency_mismatch,26700007,mismatched,8
enhanced_predictive_d8f_L8f,enhanced_predictive,8,20.0,20.0,0.85,3.0,16.666666666666664,True,,0.29029276338995036,9.604557743186865,0.5402700870624839,20.0,0.0,8.3385,2.689556121826172,5.057962444898462,5.078505333963074,8.3385,True,AVOIDED,0.0,0.0,0.0,freeze,latency_mismatch,26700008,mismatched,8
enhanced_predictive_d8f_L8f,enhanced_predictive,8,20.0,20.0,0.4,3.0,16.666666666666664,True,,0.43192673875539533,3.324466196322877,1.1924938119662711,20.0,0.0,3.924000000000003,6.128690719604492,5.1997776146098875,2.307098443313853,3.9240000000000004,True,AVOIDED,0.0,0.0,0.0,freeze,latency_mismatch,26700009,mismatched,8
enhanced_predictive_d8f_L8f,enhanced_predictive,8,30.0,30.0,0.85,1.0,8.333333333333334,False,vehicle.ue4.audi.tt,0.0,0.0,0.6146113676984666,23.648752934271805,6.351247065728193,8.3385,0.0,4.89900398889149,9.036389892677267,8.3385,True,COLLISION with vehicle.ue4.audi.tt,0.0,0.0,0.0,freeze,latency_mismatch,26700010,mismatched,8
enhanced_predictive_d8f_L8f,enhanced_predictive,8,30.0,30.0,0.4,1.0,8.333333333333334,False,vehicle.ue4.audi.tt,0.0,0.0,0.7312167076160889,17.93163204969959,12.06836795030041,3.924000000000003,0.0,4.939010623537919,8.108274098307549,3.9240000000000004,True,COLLISION with vehicle.ue4.audi.tt,0.0,0.0,0.0,freeze,latency_mismatch,26700011,mismatched,8
enhanced_predictive_d8f_L8f,enhanced_predictive,8,30.0,30.0,0.85,1.5,12.5,True,,0.5696850836164282,9.285695779464724,1.0688117029287707,30.0,0.0,8.3385,5.678119659423828,5.337312799871027,5.441843477253502,8.3385,True,AVOIDED,0.0,0.0,0.0,freeze,latency_mismatch,26700012,mismatched,8
enhanced_predictive_d8f_L8f,enhanced_predictive,8,30.0,30.0,0.4,1.5,12.5,False,vehicle.ue4.audi.tt,0.0,0.0,1.9091153192751957,25.59576368613338,4.40423631386662,3.924000000000003,0.0,4.900619571844432,4.078473525422057,3.9240000000000004,True,COLLISION with vehicle.ue4.audi.tt,0.0,0.0,0.0,freeze,latency_mismatch,26700013,mismatched,8
enhanced_predictive_d8f_L8f,enhanced_predictive,8,30.0,30.0,0.85,2.0,16.666666666666668,True,,1.0162830531666005,9.287447838681125,0.8262377116512014,30.0,0.0,8.3385,5.677131652832031,5.783958452947417,5.108425233623513,8.3385,True,AVOIDED,0.0,0.0,0.0,freeze,latency_mismatch,26700014,mismatched,8
enhanced_predictive_d8f_L8f,enhanced_predictive,8,30.0,30.0,0.4,2.0,16.666666666666668,True,,0.8459301945416788,4.199933350667043,2.7490175664858683,30.0,0.0,3.924000000000003,11.224071502685547,5.613781070396171,2.8220097826219463,3.9240000000000004,True,AVOIDED,0.0,0.0,0.0,freeze,latency_mismatch,26700015,mismatched,8
enhanced_predictive_d8f_L8f,enhanced_predictive,8,30.0,30.0,0.85,2.5,20.833333333333336,True,,0.6773700715878466,7.777714482575282,0.8628012800912311,30.0,0.0,8.3385,6.461771011352539,5.445205688643803,4.790461078476473,8.3385,True,AVOIDED,0.0,0.0,0.0,freeze,latency_mismatch,26700016,mismatched,8
enhanced_predictive_d8f_L8f,enhanced_predictive,8,30.0,30.0,0.4,2.5,20.833333333333336,True,,0.8831996920203329,3.732416024056587,2.4527353006508,30.0,0.0,3.924000000000003,13.287858963012695,5.651050567874825,2.4066832729938303,3.9240000000000004,True,AVOIDED,0.0,0.0,0.0,freeze,latency_mismatch,26700017,mismatched,8
enhanced_predictive_d8f_L8f,enhanced_predictive,8,30.0,30.0,0.85,3.0,25.0,True,,0.6754932957449853,9.064152780543937,0.8163194591760159,30.0,0.0,8.3385,6.079296112060547,5.443119104429088,5.062084572133394,8.3385,True,AVOIDED,0.0,0.0,0.0,freeze,latency_mismatch,26700018,mismatched,8
enhanced_predictive_d8f_L8f,enhanced_predictive,8,30.0,30.0,0.4,3.0,25.0,True,,0.7175236069282649,3.6239197408958055,1.71781762276468,30.0,0.0,3.924000000000003,13.482925415039062,5.485240968508338,2.4079269064192053,3.9240000000000004,True,AVOIDED,0.0,0.0,0.0,freeze,latency_mismatch,26700019,mismatched,8
enhanced_predictive_d8f_L8f,enhanced_predictive,8,40.0,40.0,0.85,1.0,11.11111111111111,True,,0.3258487378761261,9.099212170339086,1.29093419870699,40.0,0.0,8.338500000000018,8.254348754882812,5.093468819464777,7.028487284890269,8.3385,True,AVOIDED,0.0,0.0,0.0,freeze,latency_mismatch,26700020,mismatched,8
enhanced_predictive_d8f_L8f,enhanced_predictive,8,40.0,40.0,0.4,1.0,11.11111111111111,False,vehicle.ue4.audi.tt,0.0,0.0,1.4625655724835638,26.952153963574155,13.047846036425847,3.924000000000003,0.0,4.950773245586175,6.587173239442366,3.9240000000000004,True,COLLISION with vehicle.ue4.audi.tt,0.0,0.0,0.0,freeze,latency_mismatch,26700021,mismatched,8
enhanced_predictive_d8f_L8f,enhanced_predictive,8,40.0,40.0,0.85,1.5,16.666666666666664,True,,0.8073397991474165,9.344195161754696,1.6358047936038618,40.0,0.0,8.3385,10.570178985595703,5.574996123485125,5.338631177670657,8.3385,True,AVOIDED,0.0,0.0,0.0,freeze,latency_mismatch,26700022,mismatched,8
enhanced_predictive_d8f_L8f,enhanced_predictive,8,40.0,40.0,0.4,1.5,16.666666666666664,False,vehicle.ue4.audi.tt,0.0,0.0,2.985057051632679,34.4919719959617,5.508028004038302,3.924000000000003,0.0,4.904651685065769,4.114588131188226,3.9240000000000004,True,COLLISION with vehicle.ue4.audi.tt,0.0,0.0,0.0,freeze,latency_mismatch,26700023,mismatched,8
enhanced_predictive_d8f_L8f,enhanced_predictive,8,40.0,40.0,0.85,2.0,22.22222222222222,True,,1.1337389811592011,8.777607488151476,1.3226811405982255,40.0,0.0,8.338500000000018,10.834600448608398,5.9013686089050745,5.07331159838516,8.3385,True,AVOIDED,0.0,0.0,0.0,freeze,latency_mismatch,26700024,mismatched,8
enhanced_predictive_d8f_L8f,enhanced_predictive,8,40.0,40.0,0.4,2.0,22.22222222222222,True,,1.6957950682588514,4.156347192414434,4.08378807036768,40.0,0.0,3.924000000000003,17.99664878845215,6.463645944113344,3.0792574153576657,3.9240000000000004,True,AVOIDED,0.0,0.0,0.0,freeze,latency_mismatch,26700025,mismatched,8
enhanced_predictive_d8f_L8f,enhanced_predictive,8,40.0,40.0,0.85,2.5,27.77777777777778,True,,0.9113652018697547,8.264939567565833,1.0887917497618929,40.0,0.0,8.338500000000018,11.095844268798828,5.678975735237053,5.072571981346971,8.3385,True,AVOIDED,0.0,0.0,0.0,freeze,latency_mismatch,26700026,mismatched,8
enhanced_predictive_d8f_L8f,enhanced_predictive,8,40.0,40.0,0.4,2.5,27.77777777777778,True,,1.5283909028004148,4.0357511005896125,4.557609944156552,40.0,0.0,3.924000000000003,22.620698928833008,6.296241778654907,2.516525705615453,3.9240000000000004,True,AVOIDED,0.0,0.0,0.0,freeze,latency_mismatch,26700027,mismatched,8
enhanced_predictive_d8f_L8f,enhanced_predictive,8,40.0,40.0,0.85,3.0,33.33333333333333,True,,0.9461463865799837,8.264946268174583,1.0919185986076827,40.0,0.0,8.338500000000018,11.095836639404297,5.713756915361428,5.057943462688225,8.3385,True,AVOIDED,0.0,0.0,0.0,freeze,latency_mismatch,26700028,mismatched,8
enhanced_predictive_d8f_L8f,enhanced_predictive,8,40.0,40.0,0.4,3.0,33.33333333333333,True,,1.3468079149492285,3.700399238063895,3.2670458908714335,40.0,0.0,3.924000000000003,23.94339942932129,6.114658790803721,2.405272191677406,3.9240000000000004,True,AVOIDED,0.0,0.0,0.0,freeze,latency_mismatch,26700029,mismatched,8
enhanced_predictive_d8f_L8f,enhanced_predictive,8,50.0,50.0,0.85,1.0,13.88888888888889,True,,1.0588323278400384,8.73104312761361,1.7201427277918155,50.0,0.0,8.338500000000018,12.61520004272461,5.826515357130942,6.959374397837682,8.3385,True,AVOIDED,0.0,0.0,0.0,freeze,latency_mismatch,26700030,mismatched,8
enhanced_predictive_d8f_L8f,enhanced_predictive,8,50.0,50.0,0.4,1.0,13.88888888888889,False,vehicle.ue4.audi.tt,0.0,0.0,2.1691951266612293,34.012659988756894,15.987340011243106,3.9239999999999853,0.0,4.95333767044197,6.290320779747998,3.9240000000000004,True,COLLISION with vehicle.ue4.audi.tt,0.0,0.0,0.0,freeze,latency_mismatch,26700031,mismatched,8
enhanced_predictive_d8f_L8f,enhanced_predictive,8,50.0,50.0,0.85,1.5,20.833333333333336,True,,1.239614671146902,9.046598564761176,2.2933700088027966,50.0,0.0,8.3385,16.619522094726562,6.007465547001394,5.334961658141234,8.3385,True,AVOIDED,0.0,0.0,0.0,freeze,latency_mismatch,26700032,mismatched,8
enhanced_predictive_d8f_L8f,enhanced_predictive,8,50.0,50.0,0.4,1.5,20.833333333333336,False,vehicle.ue4.audi.tt,0.0,0.0,4.034113787462233,41.656841959500255,8.343158040499748,3.924000000000003,0.0,4.923804780291186,4.31138518476947,3.9240000000000004,True,COLLISION with vehicle.ue4.audi.tt,0.0,0.0,0.0,freeze,latency_mismatch,26700033,mismatched,8
enhanced_predictive_d8f_L8f,enhanced_predictive,8,50.0,50.0,0.85,2.0,27.77777777777778,True,,1.3035567208215957,8.259006023785775,1.8750877715917242,50.0,0.0,8.3385,17.286376953125,6.071228306201802,5.119825793862402,8.3385,True,AVOIDED,0.0,0.0,0.0,freeze,latency_mismatch,26700034,mismatched,8
enhanced_predictive_d8f_L8f,enhanced_predictive,8,50.0,50.0,0.4,2.0,27.77777777777778,True,,2.3481524449517366,4.017789705590966,5.8910093926889555,50.0,0.0,3.924000000000003,26.595115661621094,7.116003320806229,3.2814600032092853,3.9240000000000004,True,AVOIDED,0.0,0.0,0.0,freeze,latency_mismatch,26700035,mismatched,8
enhanced_predictive_d8f_L8f,enhanced_predictive,8,50.0,50.0,0.85,2.5,34.72222222222222,True,,1.3493417188417043,8.259006023785775,1.4922864416326875,50.0,0.0,8.338500000000018,17.286376953125,6.117013304579263,5.106136741608403,8.3385,True,AVOIDED,0.0,0.0,0.0,freeze,latency_mismatch,26700036,mismatched,8
enhanced_predictive_d8f_L8f,enhanced_predictive,8,50.0,50.0,0.4,2.5,34.72222222222222,True,,2.2495000106354555,4.017790719009937,6.381809116390262,50.0,0.0,3.924000000000003,32.26012992858887,7.017350886489948,2.760388425878412,3.9240000000000004,True,AVOIDED,0.0,0.0,0.0,freeze,latency_mismatch,26700037,mismatched,8
enhanced_predictive_d8f_L8f,enhanced_predictive,8,50.0,50.0,0.85,3.0,41.66666666666667,False,,0.0,0.0,1.3531075454744064,50.0,0.0,8.338500000000018,0.0,11.03168588951146,5.101627635267165,8.3385,True,NO BRAKE / passed,0.0,0.0,0.0,freeze,latency_mismatch,26700038,mismatched,8
enhanced_predictive_d8f_L8f,enhanced_predictive,8,50.0,50.0,0.4,3.0,41.66666666666667,False,,0.0,0.0,6.25539048265965,50.0,0.0,3.924000000000003,0.0,11.447087542367708,2.4195350091796817,3.9240000000000004,True,NO BRAKE / passed,0.0,0.0,0.0,freeze,latency_mismatch,26700039,mismatched,8
enhanced_predictive_d8f_L8f,enhanced_predictive,8,60.0,60.0,0.85,1.0,16.666666666666668,True,,1.8447361021121136,8.750764436743168,2.2812610219878398,60.0,0.0,8.3385,18.35968017578125,6.612419131294018,6.822843521410342,8.3385,True,AVOIDED,0.0,0.0,0.0,freeze,latency_mismatch,26700040,mismatched,8
enhanced_predictive_d8f_L8f,enhanced_predictive,8,60.0,60.0,0.4,1.0,16.666666666666668,False,vehicle.ue4.audi.tt,0.0,0.0,2.8365129382140597,39.50502821704361,20.49497178295639,3.924000000000021,0.0,4.896225104634217,6.266543997194018,3.9240000000000004,True,COLLISION with vehicle.ue4.audi.tt,0.0,0.0,0.0,freeze,latency_mismatch,26700041,mismatched,8
enhanced_predictive_d8f_L8f,enhanced_predictive,8,60.0,60.0,0.85,1.5,25.0,True,,1.6170068099053072,8.499540702571286,3.1699309518862147,60.0,0.0,8.3385,24.437898635864258,6.384857685759799,5.2922032039522335,8.3385,True,AVOIDED,0.0,0.0,0.0,freeze,latency_mismatch,26700042,mismatched,8
enhanced_predictive_d8f_L8f,enhanced_predictive,8,60.0,60.0,0.4,1.5,25.0,False,vehicle.ue4.audi.tt,0.0,0.0,5.0155809360481935,49.06877061014983,10.931229389850165,3.924000000000021,0.0,4.944310635515336,4.539792338127096,3.9240000000000004,True,COLLISION with vehicle.ue4.audi.tt,0.0,0.0,0.0,freeze,latency_mismatch,26700043,mismatched,8
enhanced_predictive_d8f_L8f,enhanced_predictive,8,60.0,60.0,0.85,2.0,33.333333333333336,False,,0.0,0.0,2.500294020287901,60.0,0.0,8.3385,0.0,8.548427581826612,5.097565754999685,8.3385,True,NO BRAKE / passed,0.0,0.0,0.0,freeze,latency_mismatch,26700044,mismatched,8
enhanced_predictive_d8f_L8f,enhanced_predictive,8,60.0,60.0,0.4,2.0,33.333333333333336,False,,0.0,0.0,7.194301241740827,60.0,0.0,3.924000000000021,0.0,8.454222211863419,3.559133300346885,3.9240000000000004,True,NO BRAKE / passed,0.0,0.0,0.0,freeze,latency_mismatch,26700045,mismatched,8
enhanced_predictive_d8f_L8f,enhanced_predictive,8,60.0,60.0,0.85,2.5,41.66666666666667,False,,0.0,0.0,2.069420174107407,60.0,0.0,8.338499999999982,0.0,16.37025833304196,5.084939954542317,8.3385,True,NO BRAKE / passed,0.0,0.0,0.0,freeze,latency_mismatch,26700046,mismatched,8
enhanced_predictive_d8f_L8f,enhanced_predictive,8,60.0,60.0,0.4,2.5,41.66666666666667,False,,0.0,0.0,8.533191497324998,60.0,0.0,3.924000000000003,0.0,16.638321293083877,2.9850224684014193,3.9240000000000004,True,NO BRAKE / passed,0.0,0.0,0.0,freeze,latency_mismatch,26700047,mismatched,8
enhanced_predictive_d8f_L8f,enhanced_predictive,8,60.0,60.0,0.85,3.0,50.0,False,,0.0,0.0,1.716136131151897,60.0,0.0,3.3354000497013203,0.0,24.76255798480751,5.076422321911266,8.3385,True,NO BRAKE / passed,0.0,0.0,0.0,freeze,latency_mismatch,26700048,mismatched,8
enhanced_predictive_d8f_L8f,enhanced_predictive,8,60.0,60.0,0.4,3.0,50.0,False,,0.0,0.0,9.603588860784326,60.0,0.0,3.9239999999999853,0.0,24.961914084905537,2.568683455142516,3.9240000000000004,True,NO BRAKE / passed,0.0,0.0,0.0,freeze,latency_mismatch,26700049,mismatched,8
enhanced_predictive_d8f_L12f,enhanced_predictive,8,20.0,20.0,0.85,1.0,5.555555555555555,False,vehicle.ue4.audi.tt,0.0,0.0,0.0,5.713282639162758,14.286717360837242,0.0,0.0,4.9217739122693045,0.0,8.3385,True,COLLISION with vehicle.ue4.audi.tt,0.0,0.0,0.0,freeze,latency_mismatch,27130000,mismatched,12
enhanced_predictive_d8f_L12f,enhanced_predictive,8,20.0,20.0,0.4,1.0,5.555555555555555,False,vehicle.ue4.audi.tt,0.0,0.0,0.0,5.715610086983789,14.284389913016211,0.0,0.0,4.9218521202430665,0.0,3.9240000000000004,True,COLLISION with vehicle.ue4.audi.tt,0.0,0.0,0.0,freeze,latency_mismatch,27130001,mismatched,12
enhanced_predictive_d8f_L12f,enhanced_predictive,8,20.0,20.0,0.85,1.5,8.333333333333332,True,,0.8054275557182322,10.886476907005806,0.650719274983562,20.0,0.0,8.3385,1.826944351196289,5.573118214278175,5.670789083163107,8.3385,True,AVOIDED,0.0,0.0,0.0,freeze,latency_mismatch,27130002,mismatched,12
enhanced_predictive_d8f_L12f,enhanced_predictive,8,20.0,20.0,0.4,1.5,8.333333333333332,False,vehicle.ue4.audi.tt,0.0,0.0,0.7637303179399831,14.998969500541754,5.001030499458246,3.924000000000003,0.0,4.894565591729865,5.127695868345429,3.9240000000000004,True,COLLISION with vehicle.ue4.audi.tt,0.0,0.0,0.0,freeze,latency_mismatch,27130003,mismatched,12
enhanced_predictive_d8f_L12f,enhanced_predictive,8,20.0,20.0,0.85,2.0,11.11111111111111,True,,1.752077103179987,9.22217638795411,0.7612561921406246,20.0,0.0,8.3385,2.2810726165771484,6.519706726590087,3.752087975454746,8.3385,True,AVOIDED,0.0,0.0,0.0,freeze,latency_mismatch,27130004,mismatched,12
enhanced_predictive_d8f_L12f,enhanced_predictive,8,20.0,20.0,0.4,2.0,11.11111111111111,True,,1.3664684362484047,4.190207078902693,1.5765482544638727,20.0,0.0,3.924000000000003,4.318681716918945,6.134319312102897,2.641128431557853,3.9240000000000004,True,AVOIDED,0.0,0.0,0.0,freeze,latency_mismatch,27130005,mismatched,12
enhanced_predictive_d8f_L12f,enhanced_predictive,8,20.0,20.0,0.85,2.5,13.88888888888889,True,,1.2379035961396516,4.935135125831143,0.8876323668096566,20.0,0.0,8.3385,3.64801025390625,6.005540848966203,3.0980891022648884,8.3385,True,AVOIDED,0.0,0.0,0.0,freeze,latency_mismatch,27130006,mismatched,12
enhanced_predictive_d8f_L12f,enhanced_predictive,8,20.0,20.0,0.4,2.5,13.88888888888889,True,,2.3031787927619343,4.189235934182299,1.5631356248428965,20.0,0.0,3.924000000000003,5.061307907104492,7.0710296686164265,2.0498076930225118,3.9240000000000004,True,AVOIDED,0.0,0.0,0.0,freeze,latency_mismatch,27130007,mismatched,12
enhanced_predictive_d8f_L12f,enhanced_predictive,8,20.0,20.0,0.85,3.0,16.666666666666664,True,,1.5236358825089118,10.88743027625117,0.739786362100366,20.0,0.0,8.3385,2.5580520629882812,6.29126550595898,3.7080845546546857,8.3385,True,AVOIDED,0.0,0.0,0.0,freeze,latency_mismatch,27130008,mismatched,12
enhanced_predictive_d8f_L12f,enhanced_predictive,8,20.0,20.0,0.4,3.0,16.666666666666664,True,,1.2183189473195721,2.7655026166815473,1.4375853255309679,20.0,0.0,3.924000000000003,6.719123840332031,5.986169823174064,1.907190053151013,3.9240000000000004,True,AVOIDED,0.0,0.0,0.0,freeze,latency_mismatch,27130009,mismatched,12
enhanced_predictive_d8f_L12f,enhanced_predictive,8,30.0,30.0,0.85,1.0,8.333333333333334,False,vehicle.ue4.audi.tt,0.0,9.737517989123743,0.729844378578023,28.098894827194485,1.9011051728055144,8.3385,0.0,4.893747336448503,8.104984495119513,8.3385,True,COLLISION with vehicle.ue4.audi.tt,0.0,0.0,0.0,freeze,latency_mismatch,27130010,mismatched,12
enhanced_predictive_d8f_L12f,enhanced_predictive,8,30.0,30.0,0.4,1.0,8.333333333333334,False,vehicle.ue4.audi.tt,0.0,0.0,0.8625267901604685,17.971040310792766,12.028959689207232,3.924000000000003,0.0,4.927858352661502,7.3331800250622345,3.9240000000000004,True,COLLISION with vehicle.ue4.audi.tt,0.0,0.0,0.0,freeze,latency_mismatch,27130011,mismatched,12
enhanced_predictive_d8f_L12f,enhanced_predictive,8,30.0,30.0,0.85,1.5,12.5,True,,2.040020070427282,9.063708653862872,1.3364554314308594,30.0,0.0,8.3385,5.035234451293945,6.80771644877429,4.808659364921253,8.3385,True,AVOIDED,0.0,0.0,0.0,freeze,latency_mismatch,27130012,mismatched,12
enhanced_predictive_d8f_L12f,enhanced_predictive,8,30.0,30.0,0.4,1.5,12.5,False,vehicle.ue4.audi.tt,0.0,0.0,1.9091153192751957,26.458032958400352,3.5419670415996465,3.924000000000003,0.0,4.899824144831963,4.078473525422057,3.9240000000000004,True,COLLISION with vehicle.ue4.audi.tt,0.0,0.0,0.0,freeze,latency_mismatch,27130013,mismatched,12
enhanced_predictive_d8f_L12f,enhanced_predictive,8,30.0,30.0,0.85,2.0,16.666666666666668,True,,2.6711807372437457,9.287440317700943,1.1970854180258614,30.0,0.0,8.3385,5.677131652832031,7.438858044359314,4.082569165121284,8.3385,True,AVOIDED,0.0,0.0,0.0,freeze,latency_mismatch,27130014,mismatched,12
enhanced_predictive_d8f_L12f,enhanced_predictive,8,30.0,30.0,0.4,2.0,16.666666666666668,True,,2.4300746946186136,4.019528470842227,2.7490175664858683,30.0,0.0,3.924000000000003,9.63992691040039,7.197925570473106,2.8220097826219463,3.9240000000000004,True,AVOIDED,0.0,0.0,0.0,freeze,latency_mismatch,27130015,mismatched,12
enhanced_predictive_d8f_L12f,enhanced_predictive,8,30.0,30.0,0.85,2.5,20.833333333333336,True,,2.145627975500969,7.324581235358885,1.0628019125031916,30.0,0.0,8.3385,6.648412704467773,6.913249969522716,3.888963487692825,8.3385,True,AVOIDED,0.0,0.0,0.0,freeze,latency_mismatch,27130016,mismatched,12
enhanced_predictive_d8f_L12f,enhanced_predictive,8,30.0,30.0,0.4,2.5,20.833333333333336,True,,3.125902372802094,4.200022558714915,3.1507902929357283,30.0,0.0,3.924000000000003,12.285919189453125,7.893753248656586,2.2137189933400085,3.9240000000000004,True,AVOIDED,0.0,0.0,0.0,freeze,latency_mismatch,27130017,mismatched,12
enhanced_predictive_d8f_L12f,enhanced_predictive,8,30.0,30.0,0.85,3.0,25.0,True,,2.135419892784011,8.359683304687305,1.0163148488143883,30.0,0.0,8.3385,6.274269104003906,6.9030189983700865,4.065942890615333,8.3385,True,AVOIDED,0.0,0.0,0.0,freeze,latency_mismatch,27130018,mismatched,12
enhanced_predictive_d8f_L12f,enhanced_predictive,8,30.0,30.0,0.4,3.0,25.0,True,,2.1802463757203903,3.505575885472131,2.113274523292534,30.0,0.0,3.924000000000003,13.675098419189453,6.9480972515748824,2.154378660105722,3.9240000000000004,True,AVOIDED,0.0,0.0,0.0,freeze,latency_mismatch,27130019,mismatched,12
enhanced_predictive_d8f_L12f,enhanced_predictive,8,40.0,40.0,0.85,1.0,11.11111111111111,True,,1.2770248718318102,8.934865020584427,1.29093419870699,40.0,0.0,8.338500000000018,7.303182601928711,6.044875747686302,7.028487284890269,8.3385,True,AVOIDED,0.0,0.0,0.0,freeze,latency_mismatch,27130020,mismatched,12
enhanced_predictive_d8f_L12f,enhanced_predictive,8,40.0,40.0,0.4,1.0,11.11111111111111,False,vehicle.ue4.audi.tt,0.0,0.0,1.6890733126384643,26.87769605812793,13.122303941872067,3.924000000000003,0.0,4.93608475159286,6.179789901881997,3.9240000000000004,True,COLLISION with vehicle.ue4.audi.tt,0.0,0.0,0.0,freeze,latency_mismatch,27130021,mismatched,12
enhanced_predictive_d8f_L12f,enhanced_predictive,8,40.0,40.0,0.85,1.5,16.666666666666664,True,,3.013747731279297,8.624199039818293,2.184797468213014,40.0,0.0,8.3385,10.02025032043457,7.781373541815269,4.654217523517168,8.3385,True,AVOIDED,0.0,0.0,0.0,freeze,latency_mismatch,27130022,mismatched,12
enhanced_predictive_d8f_L12f,enhanced_predictive,8,40.0,40.0,0.4,1.5,16.666666666666664,False,vehicle.ue4.audi.tt,0.0,0.0,2.985057051632679,35.0536412410006,4.9463587589994,3.924000000000003,0.0,4.899131804428659,4.114588131188226,3.9240000000000004,True,COLLISION with vehicle.ue4.audi.tt,0.0,0.0,0.0,freeze,latency_mismatch,27130023,mismatched,12
enhanced_predictive_d8f_L12f,enhanced_predictive,8,40.0,40.0,0.85,2.0,22.22222222222222,True,,3.080383585490863,8.26493286696795,1.779267312485402,40.0,0.0,8.3385,11.095844268798828,7.847994128280502,4.286837706273557,8.3385,True,AVOIDED,0.0,0.0,0.0,freeze,latency_mismatch,27130024,mismatched,12
enhanced_predictive_d8f_L12f,enhanced_predictive,8,40.0,40.0,0.4,2.0,22.22222222222222,True,,3.4957180376048473,4.034804711356056,4.507831194691901,40.0,0.0,3.924000000000003,16.748058319091797,8.26356891345934,2.991515916638139,3.9240000000000004,True,AVOIDED,0.0,0.0,0.0,freeze,latency_mismatch,27130025,mismatched,12
enhanced_predictive_d8f_L12f,enhanced_predictive,8,40.0,40.0,0.85,2.5,27.77777777777778,True,,3.1192374179063993,8.26493286696795,1.3314138831110711,40.0,0.0,8.3385,11.095844268798828,7.886847956905495,4.2849500584007165,8.3385,True,AVOIDED,0.0,0.0,0.0,freeze,latency_mismatch,27130026,mismatched,12
enhanced_predictive_d8f_L12f,enhanced_predictive,8,40.0,40.0,0.4,2.5,27.77777777777778,True,,3.4567241741859327,4.034562794475078,4.9543269373005785,40.0,0.0,3.924000000000003,21.243698120117188,8.224575050040425,2.459850777431552,3.9240000000000004,True,AVOIDED,0.0,0.0,0.0,freeze,latency_mismatch,27130027,mismatched,12
enhanced_predictive_d8f_L12f,enhanced_predictive,8,40.0,40.0,0.85,3.0,33.33333333333333,True,,2.7056740427145094,6.832836046534575,1.3393813612016108,40.0,0.0,8.3385,12.095584869384766,7.4733456352370045,4.116043734499808,8.3385,True,AVOIDED,0.0,0.0,0.0,freeze,latency_mismatch,27130028,mismatched,12
enhanced_predictive_d8f_L12f,enhanced_predictive,8,40.0,40.0,0.4,3.0,33.33333333333333,True,,3.042688843076302,3.531279242376675,4.234807939617648,40.0,0.0,3.924000000000003,24.455406188964844,7.810539718930794,2.212483794076789,3.9240000000000004,True,AVOIDED,0.0,0.0,0.0,freeze,latency_mismatch,27130029,mismatched,12
enhanced_predictive_d8f_L12f,enhanced_predictive,8,50.0,50.0,0.85,1.0,13.88888888888889,True,,2.144731642256505,9.175865093789234,1.9266453989080445,50.0,0.0,8.338500000000018,12.219541549682617,6.912342190367962,6.613463952290029,8.3385,True,AVOIDED,0.0,0.0,0.0,freeze,latency_mismatch,27130030,mismatched,12
enhanced_predictive_d8f_L12f,enhanced_predictive,8,50.0,50.0,0.4,1.0,13.88888888888889,False,vehicle.ue4.audi.tt,0.0,0.0,2.4669405078124,34.19759237826051,15.802407621739494,3.9239999999999853,0.0,4.943085717254992,5.981431692590192,3.9240000000000004,True,COLLISION with vehicle.ue4.audi.tt,0.0,0.0,0.0,freeze,latency_mismatch,27130031,mismatched,12
enhanced_predictive_d8f_L12f,enhanced_predictive,8,50.0,50.0,0.85,1.5,20.833333333333336,True,,3.9922429606730407,9.175865093789234,2.979250147949367,50.0,0.0,8.338500000000018,15.937580108642578,8.75984587942064,4.781400470137779,8.3385,True,AVOIDED,0.0,0.0,0.0,freeze,latency_mismatch,27130032,mismatched,12
enhanced_predictive_d8f_L12f,enhanced_predictive,8,50.0,50.0,0.4,1.5,20.833333333333336,False,vehicle.ue4.audi.tt,0.0,0.0,4.034113787462233,42.075653865200465,7.924346134799536,3.924000000000003,0.0,4.913339066844663,4.31138518476947,3.9240000000000004,True,COLLISION with vehicle.ue4.audi.tt,0.0,0.0,0.0,freeze,latency_mismatch,27130033,mismatched,12
enhanced_predictive_d8f_L12f,enhanced_predictive,8,50.0,50.0,0.85,2.0,27.77777777777778,True,,3.7410069473394465,7.887537014781814,2.4405562523746807,50.0,0.0,8.338500000000018,17.609840393066406,8.508609866375007,4.45777988393789,8.3385,True,AVOIDED,0.0,0.0,0.0,freeze,latency_mismatch,27130034,mismatched,12
enhanced_predictive_d8f_L12f,enhanced_predictive,8,50.0,50.0,0.4,2.0,27.77777777777778,True,,3.5447140405554762,3.992029641042854,5.8910093926889555,50.0,0.0,3.924000000000003,25.398529052734375,8.31242758716693,3.2814600032092853,3.9240000000000004,True,AVOIDED,0.0,0.0,0.0,freeze,latency_mismatch,27130035,mismatched,12
enhanced_predictive_d8f_L12f,enhanced_predictive,8,50.0,50.0,0.85,2.5,34.72222222222222,True,,4.439672969216705,8.608014003394208,1.8798167815256073,50.0,0.0,8.338500000000018,16.956958770751953,9.207352183860571,4.446406549271035,8.3385,True,AVOIDED,0.0,0.0,0.0,freeze,latency_mismatch,27130036,mismatched,12
enhanced_predictive_d8f_L12f,enhanced_predictive,8,50.0,50.0,0.4,2.5,34.72222222222222,True,,5.145498998169144,3.9669415633203124,7.02493005213501,50.0,0.0,3.924000000000003,30.05451202392578,9.91321636271203,2.703299737365222,3.9240000000000004,True,AVOIDED,0.0,0.0,0.0,freeze,latency_mismatch,27130037,mismatched,12
enhanced_predictive_d8f_L12f,enhanced_predictive,8,50.0,50.0,0.85,3.0,41.66666666666667,False,,0.0,0.0,1.5530828909371022,50.0,0.0,8.3385,0.0,11.269619941714543,4.444667012930342,8.3385,True,NO BRAKE / passed,0.0,0.0,0.0,freeze,latency_mismatch,27130038,mismatched,12
enhanced_predictive_d8f_L12f,enhanced_predictive,8,50.0,50.0,0.4,3.0,41.66666666666667,False,,0.0,0.0,7.309051970532381,50.0,0.0,3.924000000000003,0.0,11.375412593186669,2.3370542739373157,3.9240000000000004,True,NO BRAKE / passed,0.0,0.0,0.0,freeze,latency_mismatch,27130039,mismatched,12
enhanced_predictive_d8f_L12f,enhanced_predictive,8,60.0,60.0,0.85,1.0,16.666666666666668,True,,3.623430254141166,8.854756378002545,2.5473794760029964,60.0,0.0,8.3385,17.40974235534668,8.391113283321305,6.5383561473740395,8.3385,True,AVOIDED,0.0,0.0,0.0,freeze,latency_mismatch,27130040,mismatched,12
enhanced_predictive_d8f_L12f,enhanced_predictive,8,60.0,60.0,0.4,1.0,16.666666666666668,False,vehicle.ue4.audi.tt,0.0,0.0,3.2268465473354184,40.83970616957494,19.16029383042506,3.924000000000021,0.0,4.968185523187779,6.004230022928822,3.9240000000000004,True,COLLISION with vehicle.ue4.audi.tt,0.0,0.0,0.0,freeze,latency_mismatch,27130041,mismatched,12
enhanced_predictive_d8f_L12f,enhanced_predictive,8,60.0,60.0,0.85,1.5,25.0,True,,4.90935743226601,8.75196644143448,3.7476780820270017,60.0,0.0,8.3385,22.802467346191406,9.677036646684806,4.973629835660396,8.3385,True,AVOIDED,0.0,0.0,0.0,freeze,latency_mismatch,27130042,mismatched,12
enhanced_predictive_d8f_L12f,enhanced_predictive,8,60.0,60.0,0.4,1.5,25.0,False,vehicle.ue4.audi.tt,0.0,0.0,5.0155809360481935,49.06877061014983,10.931229389850165,3.924000000000021,0.0,4.944310635515336,4.539792338127096,3.9240000000000004,True,COLLISION with vehicle.ue4.audi.tt,0.0,0.0,0.0,freeze,latency_mismatch,27130043,mismatched,12
enhanced_predictive_d8f_L12f,enhanced_predictive,8,60.0,60.0,0.85,2.0,33.333333333333336,True,,4.245115281982384,7.395442202795602,3.2729910418236448,60.0,0.0,8.3385,26.002445220947266,9.012790681767502,4.547758641126256,8.3385,True,AVOIDED,0.0,0.0,0.0,freeze,latency_mismatch,27130044,mismatched,12
enhanced_predictive_d8f_L12f,enhanced_predictive,8,60.0,60.0,0.4,2.0,33.333333333333336,False,,0.0,0.0,7.194301241740827,60.0,0.0,3.924000000000021,0.0,8.533887187644668,3.559133300346885,3.9240000000000004,True,NO BRAKE / passed,0.0,0.0,0.0,freeze,latency_mismatch,27130045,mismatched,12
enhanced_predictive_d8f_L12f,enhanced_predictive,8,60.0,60.0,0.85,2.5,41.66666666666667,False,,0.0,0.0,2.5457093003839146,60.0,0.0,8.338499999999982,0.0,16.747718812544257,4.528688286771118,8.3385,True,NO BRAKE / passed,0.0,0.0,0.0,freeze,latency_mismatch,27130046,mismatched,12
enhanced_predictive_d8f_L12f,enhanced_predictive,8,60.0,60.0,0.4,2.5,41.66666666666667,False,,0.0,0.0,8.533191497324998,60.0,0.0,3.924000000000003,0.0,16.600838479532705,2.9850224684014193,3.9240000000000004,True,NO BRAKE / passed,0.0,0.0,0.0,freeze,latency_mismatch,27130047,mismatched,12
enhanced_predictive_d8f_L12f,enhanced_predictive,8,60.0,60.0,0.85,3.0,50.0,False,,0.0,0.0,2.077264420158812,60.0,0.0,3.3354000497013203,0.0,25.1629562390934,4.5200173651791005,8.3385,True,NO BRAKE / passed,0.0,0.0,0.0,freeze,latency_mismatch,27130048,mismatched,12
enhanced_predictive_d8f_L12f,enhanced_predictive,8,60.0,60.0,0.4,3.0,50.0,False,,0.0,0.0,9.603588860784326,60.0,0.0,3.9239999999999853,0.0,25.001255067987447,2.568683455142516,3.9240000000000004,True,NO BRAKE / passed,0.0,0.0,0.0,freeze,latency_mismatch,27130049,mismatched,12
enhanced_predictive_d8f_L16f,enhanced_predictive,8,20.0,20.0,0.85,1.0,5.555555555555555,False,vehicle.ue4.audi.tt,0.0,0.0,1.6960906483445735,5.713282639162758,14.286717360837242,8.3385,0.0,4.9217739122693045,0.0,8.3385,True,COLLISION with vehicle.ue4.audi.tt,0.0,0.0,0.0,freeze,latency_mismatch,27170000,mismatched,16
enhanced_predictive_d8f_L16f,enhanced_predictive,8,20.0,20.0,0.4,1.0,5.555555555555555,False,vehicle.ue4.audi.tt,0.0,0.0,1.8103350916902867,5.715610086983789,14.284389913016211,3.924000000000003,0.0,4.9218521202430665,0.0,3.9240000000000004,True,COLLISION with vehicle.ue4.audi.tt,0.0,0.0,0.0,freeze,latency_mismatch,27170001,mismatched,16
enhanced_predictive_d8f_L16f,enhanced_predictive,8,20.0,20.0,0.85,1.5,8.333333333333332,True,,1.0811653178873755,10.892292730367128,0.763968767644508,20.0,0.0,8.3385,1.8262710571289062,5.8487949413366955,5.126813767198609,8.3385,True,AVOIDED,0.0,0.0,0.0,freeze,latency_mismatch,27170002,mismatched,16
enhanced_predictive_d8f_L16f,enhanced_predictive,8,20.0,20.0,0.4,1.5,8.333333333333332,False,vehicle.ue4.audi.tt,0.0,0.0,0.9025208602854123,15.499895213128392,4.500104786871608,3.924000000000003,0.0,4.9038620117815315,4.6765947863204484,3.9240000000000004,True,COLLISION with vehicle.ue4.audi.tt,0.0,0.0,0.0,freeze,latency_mismatch,27170003,mismatched,16
enhanced_predictive_d8f_L16f,enhanced_predictive,8,20.0,20.0,0.85,2.0,11.11111111111111,True,,2.726623536414462,10.452026829979584,1.0964403489107748,20.0,0.0,8.3385,2.1331520080566406,7.494266512801638,3.0991175351971583,8.3385,True,AVOIDED,0.0,0.0,0.0,freeze,latency_mismatch,27170004,mismatched,16
enhanced_predictive_d8f_L16f,enhanced_predictive,8,20.0,20.0,0.4,2.0,11.11111111111111,True,,1.8373394068765245,4.121036770177676,1.5765482544638727,20.0,0.0,3.924000000000003,3.847810745239258,6.605190282731017,2.641128431557853,3.9240000000000004,True,AVOIDED,0.0,0.0,0.0,freeze,latency_mismatch,27170005,mismatched,16
enhanced_predictive_d8f_L16f,enhanced_predictive,8,20.0,20.0,0.85,2.5,13.88888888888889,True,,3.854459762597621,10.449519870857026,1.088102796927677,20.0,0.0,8.3385,2.1336212158203125,8.622102737873167,2.5281056947112397,8.3385,True,AVOIDED,0.0,0.0,0.0,freeze,latency_mismatch,27170006,mismatched,16
enhanced_predictive_d8f_L16f,enhanced_predictive,8,20.0,20.0,0.4,2.5,13.88888888888889,True,,3.2900047343007355,4.1199775335348985,1.916852127391362,20.0,0.0,3.924000000000003,4.625312805175781,8.057855610155228,1.9044226594415836,3.9240000000000004,True,AVOIDED,0.0,0.0,0.0,freeze,latency_mismatch,27170007,mismatched,16
enhanced_predictive_d8f_L16f,enhanced_predictive,8,20.0,20.0,0.85,3.0,16.666666666666664,True,,2.6446914812144406,8.555926326288688,0.992229350657494,20.0,0.0,8.3385,2.8146820068359375,7.412389769193215,2.7726883171953567,8.3385,True,AVOIDED,0.0,0.0,0.0,freeze,latency_mismatch,27170008,mismatched,16
enhanced_predictive_d8f_L16f,enhanced_predictive,8,20.0,20.0,0.4,3.0,16.666666666666664,True,,4.413581866801572,4.119468094802579,1.6389422214526297,20.0,0.0,3.924000000000003,4.625968933105469,9.181432742656064,1.6741007196716913,3.9240000000000004,True,AVOIDED,0.0,0.0,0.0,freeze,latency_mismatch,27170009,mismatched,16
enhanced_predictive_d8f_L16f,enhanced_predictive,8,30.0,30.0,0.85,1.0,8.333333333333334,False,vehicle.ue4.audi.tt,0.0,9.737517989123743,0.729844378578023,28.098894827194485,1.9011051728055144,8.3385,0.0,4.893747336448503,8.104984495119513,8.3385,True,COLLISION with vehicle.ue4.audi.tt,0.0,0.0,0.0,freeze,latency_mismatch,27170010,mismatched,16
enhanced_predictive_d8f_L16f,enhanced_predictive,8,30.0,30.0,0.4,1.0,8.333333333333334,False,vehicle.ue4.audi.tt,0.0,0.0,0.8625267901604685,17.971040310792766,12.028959689207232,3.924000000000003,0.0,4.927858352661502,7.3331800250622345,3.9240000000000004,True,COLLISION with vehicle.ue4.audi.tt,0.0,0.0,0.0,freeze,latency_mismatch,27170011,mismatched,16
enhanced_predictive_d8f_L16f,enhanced_predictive,8,30.0,30.0,0.85,1.5,12.5,True,,3.3194161100698967,9.28493650851478,1.6851167014753399,30.0,0.0,8.3385,4.583295822143555,8.087047640743446,4.301051368852702,8.3385,True,AVOIDED,0.0,0.0,0.0,freeze,latency_mismatch,27170012,mismatched,16
enhanced_predictive_d8f_L16f,enhanced_predictive,8,30.0,30.0,0.4,1.5,12.5,False,vehicle.ue4.audi.tt,0.0,4.1466168634918885,1.9091153192751957,27.40840841292832,2.591591587071678,3.924000000000003,0.0,4.895868310332148,4.078473525422057,3.9240000000000004,True,COLLISION with vehicle.ue4.audi.tt,0.0,0.0,0.0,freeze,latency_mismatch,27170013,mismatched,16
enhanced_predictive_d8f_L16f,enhanced_predictive,8,30.0,30.0,0.85,2.0,16.666666666666668,True,,4.334289560574883,9.519343221095145,1.558501907856058,30.0,0.0,8.3385,5.255205154418945,9.101963053017776,3.553040417315222,8.3385,True,AVOIDED,0.0,0.0,0.0,freeze,latency_mismatch,27170014,mismatched,16
enhanced_predictive_d8f_L16f,enhanced_predictive,8,30.0,30.0,0.4,2.0,16.666666666666668,True,,3.318538666508754,4.064004671791085,3.087660405030261,30.0,0.0,3.924000000000003,9.165596008300781,8.086254120613551,2.7239317177820763,3.9240000000000004,True,AVOIDED,0.0,0.0,0.0,freeze,latency_mismatch,27170015,mismatched,16
enhanced_predictive_d8f_L16f,enhanced_predictive,8,30.0,30.0,0.85,2.5,20.833333333333336,True,,5.193731309397457,9.519351122355136,1.2627203537990037,30.0,0.0,8.3385,5.255207061767578,9.961406709181775,3.2730209203916005,8.3385,True,AVOIDED,0.0,0.0,0.0,freeze,latency_mismatch,27170016,mismatched,16
enhanced_predictive_d8f_L16f,enhanced_predictive,8,30.0,30.0,0.4,2.5,20.833333333333336,True,,4.6029987336133935,4.200710203079988,3.471159291840763,30.0,0.0,3.924000000000003,11.222957611083984,9.370849609467886,2.1551967232736535,3.9240000000000004,True,AVOIDED,0.0,0.0,0.0,freeze,latency_mismatch,27170017,mismatched,16
enhanced_predictive_d8f_L16f,enhanced_predictive,8,30.0,30.0,0.85,3.0,25.0,True,,1.7600078607516343,3.502685163919606,1.4162941832262232,30.0,0.0,3.335400049701338,9.959478378295898,6.5278587366061265,2.9176424566065022,8.3385,True,AVOIDED,0.0,0.0,0.0,freeze,latency_mismatch,27170018,mismatched,16
enhanced_predictive_d8f_L16f,enhanced_predictive,8,30.0,30.0,0.4,3.0,25.0,True,,5.85308648021825,4.153947568581715,2.768226284498682,30.0,0.0,3.924000000000003,11.657157897949219,10.620937356072742,1.948990393995535,3.9240000000000004,True,AVOIDED,0.0,0.0,0.0,freeze,latency_mismatch,27170019,mismatched,16
enhanced_predictive_d8f_L16f,enhanced_predictive,8,40.0,40.0,0.85,1.0,11.11111111111111,True,,1.8274697675526959,8.934485239077505,1.463429358931834,40.0,0.0,8.3385,7.304155349731445,6.595320643407188,6.585243016700176,8.3385,True,AVOIDED,0.0,0.0,0.0,freeze,latency_mismatch,27170020,mismatched,16
enhanced_predictive_d8f_L16f,enhanced_predictive,8,40.0,40.0,0.4,1.0,11.11111111111111,False,vehicle.ue4.audi.tt,0.0,0.0,1.6890733126384643,26.87769605812793,13.122303941872067,3.924000000000003,0.0,4.93608475159286,6.179789901881997,3.9240000000000004,True,COLLISION with vehicle.ue4.audi.tt,0.0,0.0,0.0,freeze,latency_mismatch,27170021,mismatched,16
enhanced_predictive_d8f_L16f,enhanced_predictive,8,40.0,40.0,0.85,1.5,16.666666666666664,True,,5.021828680289936,9.51442180436723,2.404454543146573,40.0,0.0,8.3385,8.563581466674805,9.789462119563767,4.463031674212907,8.3385,True,AVOIDED,0.0,0.0,0.0,freeze,latency_mismatch,27170022,mismatched,16
enhanced_predictive_d8f_L16f,enhanced_predictive,8,40.0,40.0,0.4,1.5,16.666666666666664,False,vehicle.ue4.audi.tt,0.0,0.0,2.985057051632679,35.96349622277903,4.0365037772209735,3.924000000000003,0.0,4.892711640601623,4.114588131188226,3.9240000000000004,True,COLLISION with vehicle.ue4.audi.tt,0.0,0.0,0.0,freeze,latency_mismatch,27170023,mismatched,16
enhanced_predictive_d8f_L16f,enhanced_predictive,8,40.0,40.0,0.85,2.0,22.22222222222222,True,,5.288274413235062,8.26493286696795,2.410371421652537,40.0,0.0,8.338500000000018,11.095844268798828,10.055884958173484,3.7105279691367863,8.3385,True,AVOIDED,0.0,0.0,0.0,freeze,latency_mismatch,27170024,mismatched,16
enhanced_predictive_d8f_L16f,enhanced_predictive,8,40.0,40.0,0.4,2.0,22.22222222222222,True,,4.134252590079257,4.067419568236983,4.507831194691901,40.0,0.0,3.924000000000003,16.10952377319336,8.902088207144757,2.991515916638139,3.9240000000000004,True,AVOIDED,0.0,0.0,0.0,freeze,latency_mismatch,27170025,mismatched,16
enhanced_predictive_d8f_L16f,enhanced_predictive,8,40.0,40.0,0.85,2.5,27.77777777777778,True,,6.402718088226786,8.624209983511147,1.7234863478572142,40.0,0.0,8.338500000000018,10.020244598388672,11.170343899098915,3.701479905676451,8.3385,True,AVOIDED,0.0,0.0,0.0,freeze,latency_mismatch,27170026,mismatched,16
enhanced_predictive_d8f_L16f,enhanced_predictive,8,40.0,40.0,0.4,2.5,27.77777777777778,True,,5.746225394122584,4.156008307088312,5.482309516429624,40.0,0.0,3.924000000000003,19.506807327270508,10.514076269977076,2.4035816946748283,3.9240000000000004,True,AVOIDED,0.0,0.0,0.0,freeze,latency_mismatch,27170027,mismatched,16
enhanced_predictive_d8f_L16f,enhanced_predictive,8,40.0,40.0,0.85,3.0,33.33333333333333,True,,4.444124928464243,6.320446842277192,1.539209003562223,40.0,0.0,8.3385,12.565010070800781,9.211708766588131,3.581753204482407,8.3385,True,AVOIDED,0.0,0.0,0.0,freeze,latency_mismatch,27170028,mismatched,16
enhanced_predictive_d8f_L16f,enhanced_predictive,8,40.0,40.0,0.4,3.0,33.33333333333333,True,,6.797807702001437,4.155095286222321,5.264160265196452,40.0,0.0,3.924000000000003,22.355562210083008,11.56565857785593,2.086490376264807,3.9240000000000004,True,AVOIDED,0.0,0.0,0.0,freeze,latency_mismatch,27170029,mismatched,16
enhanced_predictive_d8f_L16f,enhanced_predictive,8,50.0,50.0,0.85,1.0,13.88888888888889,True,,2.933298197308832,8.60801632929169,1.9232849020276082,50.0,0.0,8.338500000000018,11.417257308959961,7.7009812265926625,6.619770352266978,8.3385,True,AVOIDED,0.0,0.0,0.0,freeze,latency_mismatch,27170030,mismatched,16
enhanced_predictive_d8f_L16f,enhanced_predictive,8,50.0,50.0,0.4,1.0,13.88888888888889,False,vehicle.ue4.audi.tt,0.0,0.0,2.4669405078124,34.19759237826051,15.802407621739494,3.9239999999999853,0.0,4.943085717254992,5.981431692590192,3.9240000000000004,True,COLLISION with vehicle.ue4.audi.tt,0.0,0.0,0.0,freeze,latency_mismatch,27170031,mismatched,16
enhanced_predictive_d8f_L16f,enhanced_predictive,8,50.0,50.0,0.85,1.5,20.833333333333336,True,,6.8525029083629025,8.919709671414221,3.277966418580855,50.0,0.0,8.338500000000018,13.767547607421875,11.620178308347027,4.617196952244855,8.3385,True,AVOIDED,0.0,0.0,0.0,freeze,latency_mismatch,27170032,mismatched,16
enhanced_predictive_d8f_L16f,enhanced_predictive,8,50.0,50.0,0.4,1.5,20.833333333333336,False,vehicle.ue4.audi.tt,0.0,0.0,4.034113787462233,42.075653865200465,7.924346134799536,3.924000000000003,0.0,4.913339066844663,4.31138518476947,3.9240000000000004,True,COLLISION with vehicle.ue4.audi.tt,0.0,0.0,0.0,freeze,latency_mismatch,27170033,mismatched,16
enhanced_predictive_d8f_L16f,enhanced_predictive,8,50.0,50.0,0.85,2.0,27.77777777777778,True,,6.180967360431152,7.556613987537069,3.220918570324017,50.0,0.0,8.338500000000018,17.930795669555664,10.948646574909155,3.9507379153363806,8.3385,True,AVOIDED,0.0,0.0,0.0,freeze,latency_mismatch,27170034,mismatched,16
enhanced_predictive_d8f_L16f,enhanced_predictive,8,50.0,50.0,0.4,2.0,27.77777777777778,True,,4.353627660387083,4.017789705590966,5.8910093926889555,50.0,0.0,3.924000000000003,24.589618682861328,9.121478536241575,3.2814600032092853,3.9240000000000004,True,AVOIDED,0.0,0.0,0.0,freeze,latency_mismatch,27170035,mismatched,16
enhanced_predictive_d8f_L16f,enhanced_predictive,8,50.0,50.0,0.85,2.5,34.72222222222222,True,,7.200586548016494,8.608014003394208,2.3549114531420337,50.0,0.0,8.3385,16.956958770751953,11.968265762590619,3.940840229751869,8.3385,True,AVOIDED,0.0,0.0,0.0,freeze,latency_mismatch,27170036,mismatched,16
enhanced_predictive_d8f_L16f,enhanced_predictive,8,50.0,50.0,0.4,2.5,34.72222222222222,True,,8.214211318961055,4.070687418881203,7.02493005213501,50.0,0.0,3.924000000000003,26.98577880859375,12.982062194815548,2.703299737365222,3.9240000000000004,True,AVOIDED,0.0,0.0,0.0,freeze,latency_mismatch,27170037,mismatched,16
enhanced_predictive_d8f_L16f,enhanced_predictive,8,50.0,50.0,0.85,3.0,41.66666666666667,False,,0.0,0.0,1.8549518181979545,50.0,0.0,8.3385,0.0,11.490174257597895,3.934961603441237,8.3385,True,NO BRAKE / passed,0.0,0.0,0.0,freeze,latency_mismatch,27170038,mismatched,16
enhanced_predictive_d8f_L16f,enhanced_predictive,8,50.0,50.0,0.4,3.0,41.66666666666667,True,,7.423761730361933,4.017790719009937,7.936385042459267,50.0,0.0,3.924000000000003,34.03129005432129,12.191612606216426,2.298058993123057,3.9240000000000004,True,AVOIDED,0.0,0.0,0.0,freeze,latency_mismatch,27170039,mismatched,16
enhanced_predictive_d8f_L16f,enhanced_predictive,8,60.0,60.0,0.85,1.0,16.666666666666668,True,,4.106988925015862,8.65120275238112,2.5473794760029964,60.0,0.0,8.3385,16.926191329956055,8.874599474353204,6.5383561473740395,8.3385,True,AVOIDED,0.0,0.0,0.0,freeze,latency_mismatch,27170040,mismatched,16
enhanced_predictive_d8f_L16f,enhanced_predictive,8,60.0,60.0,0.4,1.0,16.666666666666668,False,vehicle.ue4.audi.tt,0.0,0.0,3.2268465473354184,40.83970616957494,19.16029383042506,3.924000000000021,0.0,4.968185523187779,6.004230022928822,3.9240000000000004,True,COLLISION with vehicle.ue4.audi.tt,0.0,0.0,0.0,freeze,latency_mismatch,27170041,mismatched,16
enhanced_predictive_d8f_L16f,enhanced_predictive,8,60.0,60.0,0.85,1.5,25.0,True,,8.794054288236044,8.853525974925764,4.115282550497905,60.0,0.0,8.3385,19.74594497680664,13.561733502716836,4.825568447965967,8.3385,True,AVOIDED,0.0,0.0,0.0,freeze,latency_mismatch,27170042,mismatched,16
enhanced_predictive_d8f_L16f,enhanced_predictive,8,60.0,60.0,0.4,1.5,25.0,False,vehicle.ue4.audi.tt,0.0,0.0,5.0155809360481935,49.565827806919714,10.434172193080288,3.924000000000021,0.0,4.941479680307388,4.539792338127096,3.9240000000000004,True,COLLISION with vehicle.ue4.audi.tt,0.0,0.0,0.0,freeze,latency_mismatch,27170043,mismatched,16
enhanced_predictive_d8f_L16f,enhanced_predictive,8,60.0,60.0,0.85,2.0,33.333333333333336,True,,6.809930801574559,6.962049521316602,4.29658058473101,60.0,0.0,8.3385,26.751468658447266,11.577606201356177,4.104819513639083,8.3385,True,AVOIDED,0.0,0.0,0.0,freeze,latency_mismatch,27170044,mismatched,16
enhanced_predictive_d8f_L16f,enhanced_predictive,8,60.0,60.0,0.4,2.0,33.333333333333336,False,,0.0,0.0,7.194301241740827,60.0,0.0,3.924000000000021,0.0,8.56761847973097,3.559133300346885,3.9240000000000004,True,NO BRAKE / passed,0.0,0.0,0.0,freeze,latency_mismatch,27170045,mismatched,16
enhanced_predictive_d8f_L16f,enhanced_predictive,8,60.0,60.0,0.85,2.5,41.66666666666667,False,,0.0,0.0,3.1354691831858057,60.0,0.0,8.3385,0.0,16.67258834935782,4.083848278168198,8.3385,True,NO BRAKE / passed,0.0,0.0,0.0,freeze,latency_mismatch,27170046,mismatched,16
enhanced_predictive_d8f_L16f,enhanced_predictive,8,60.0,60.0,0.4,2.5,41.66666666666667,False,,0.0,0.0,9.373441161177007,60.0,0.0,3.924000000000003,0.0,16.83487079980187,2.9268523204586234,3.9240000000000004,True,NO BRAKE / passed,0.0,0.0,0.0,freeze,latency_mismatch,27170047,mismatched,16
enhanced_predictive_d8f_L16f,enhanced_predictive,8,60.0,60.0,0.85,3.0,50.0,False,,0.0,0.0,2.4978058850056475,60.0,0.0,3.3354000497013203,0.0,25.021697999423793,4.075989858202604,8.3385,True,NO BRAKE / passed,0.0,0.0,0.0,freeze,latency_mismatch,27170048,mismatched,16
enhanced_predictive_d8f_L16f,enhanced_predictive,8,60.0,60.0,0.4,3.0,50.0,False,,0.0,0.0,10.528278973087565,60.0,0.0,3.9239999999999853,0.0,25.147472482478893,2.527144824833763,3.9240000000000004,True,NO BRAKE / passed,0.0,0.0,0.0,freeze,latency_mismatch,27170049,mismatched,16
