label,controller,delay_frames,ego_speed_kmh,mu,trigger_d,dart_speed_kmh,avoided,collision_with,s_clearance,a_b_mfdd,t_c_warn,dv_speed_var,collision_speed_kmh,peak_decel,brake_distance,min_dist,a_req_at_brake,a_max,is_conflict,result_txt
baseline,baseline,0,30.0,0.85,20.0,20.0,True,,3.9326650882441907,3.501718372541213,1.589240310269733,30.0,0.0,3.335400049701338,9.961448669433594,7.606969275542012,2.203696841912894,8.3385,True,AVOIDED
baseline,baseline,0,30.0,0.85,25.0,20.0,True,,1.4732212832962626,4.331886701944831,1.1535649608842213,30.0,0.0,8.3385,8.699321746826172,5.147472094913993,3.3316057713605907,8.3385,True,AVOIDED
baseline,baseline,0,30.0,0.85,30.0,20.0,True,,3.1056197352822723,3.501718372541213,1.5791092051880642,30.0,0.0,3.335400049701338,9.961444854736328,6.779923922580093,2.6176888670134737,8.3385,True,AVOIDED
baseline,baseline,0,30.0,0.85,35.0,20.0,True,,3.106171173581699,3.5020199028370245,1.5775132192311272,30.0,0.0,3.335400049701338,9.960845947265625,6.78047536087952,2.6176375743156006,8.3385,True,AVOIDED
baseline,baseline,0,30.0,0.4,20.0,20.0,False,vehicle.ue4.audi.tt,0.0,0.0,1.589240310269733,24.636462566487808,5.363537433512194,3.924000000000003,0.0,3.8100496399835984,2.203696841912894,3.9240000000000004,True,COLLISION with vehicle.ue4.audi.tt
baseline,baseline,0,30.0,0.4,25.0,20.0,False,vehicle.ue4.audi.tt,0.0,0.0,1.1512772106208735,22.287355414566598,7.7126445854334005,3.924000000000003,0.0,3.820720847426884,3.332585274441278,3.9240000000000004,True,COLLISION with vehicle.ue4.audi.tt
baseline,baseline,0,30.0,0.4,30.0,20.0,False,vehicle.ue4.audi.tt,0.0,0.0,1.5791092051880642,23.97842874852749,6.021571251472508,3.924000000000003,0.0,3.8213329266965896,2.6176888670134737,3.9240000000000004,True,COLLISION with vehicle.ue4.audi.tt
baseline,baseline,0,30.0,0.4,35.0,20.0,False,vehicle.ue4.audi.tt,0.0,0.0,1.5775132192311272,23.982824264489302,6.017175735510697,3.924000000000003,0.0,3.8216384507647874,2.6176375743156006,3.9240000000000004,True,COLLISION with vehicle.ue4.audi.tt
baseline,baseline,0,40.0,0.85,20.0,20.0,True,,1.4112985349541418,6.547570622823611,1.2511492783422866,40.0,0.0,8.3385,12.330005645751953,5.0853593058364766,3.961490876976411,8.3385,True,AVOIDED
baseline,baseline,0,40.0,0.85,25.0,20.0,True,,1.4176998844259536,3.76538043473354,1.5806811107489096,40.0,0.0,8.3385,16.740442276000977,5.091802032137474,3.1546168343696994,8.3385,True,AVOIDED
baseline,baseline,0,40.0,0.85,30.0,20.0,True,,0.7296843913079281,7.866816028342706,1.0491368030451966,40.0,0.0,8.338500000000018,11.355693817138672,4.403767487520606,5.008331380756813,8.3385,True,AVOIDED
baseline,baseline,0,40.0,0.85,35.0,20.0,True,,1.5823564393882137,4.037112762822045,1.5394874871753652,40.0,0.0,8.3385,16.023054122924805,5.256443362897178,3.448934301588219,8.3385,True,AVOIDED
baseline,baseline,0,40.0,0.4,20.0,20.0,False,vehicle.ue4.audi.tt,0.0,0.0,1.2511492783422866,27.122069430933944,12.877930569066056,3.924000000000003,0.0,3.830290523077468,3.961490876976411,3.9240000000000004,True,COLLISION with vehicle.ue4.audi.tt
baseline,baseline,0,40.0,0.4,25.0,20.0,False,vehicle.ue4.audi.tt,0.0,0.0,1.5806811107489096,28.016680528275256,11.983319471724744,3.924000000000003,0.0,3.8305951620895584,3.1546168343696994,3.9240000000000004,True,COLLISION with vehicle.ue4.audi.tt
baseline,baseline,0,40.0,0.4,30.0,20.0,False,vehicle.ue4.audi.tt,0.0,0.0,1.0491368030451966,26.15297051735213,13.847029482647867,3.924000000000003,0.0,3.8353002829800094,5.008331380756813,3.9240000000000004,True,COLLISION with vehicle.ue4.audi.tt
baseline,baseline,0,40.0,0.4,35.0,20.0,False,vehicle.ue4.audi.tt,0.0,0.0,1.5394874871753652,27.938192663524884,12.061807336475116,3.924000000000003,0.0,3.8305573229111443,3.448934301588219,3.9240000000000004,True,COLLISION with vehicle.ue4.audi.tt
baseline,baseline,0,50.0,0.85,20.0,20.0,False,vehicle.ue4.audi.tt,0.0,0.0,1.0283507624270962,40.06249266681665,9.937507333183348,8.3385,0.0,3.8466471779714833,6.251445427884491,8.3385,True,COLLISION with vehicle.ue4.audi.tt
baseline,baseline,0,50.0,0.85,25.0,20.0,True,,0.25844992026364544,6.805111960610857,1.3761703297458985,50.0,0.0,8.338500000000018,18.85797691345215,3.932616992230024,4.67326940838413,8.3385,True,AVOIDED
baseline,baseline,0,50.0,0.85,30.0,20.0,True,,0.9371726112655354,5.192653004512637,1.5915557582378868,50.0,0.0,8.338500000000018,21.630722045898438,4.611259613541595,4.0496133296805565,8.3385,True,AVOIDED
baseline,baseline,0,50.0,0.85,35.0,20.0,False,vehicle.ue4.audi.tt,0.0,0.0,1.0049640659373305,40.414044211306376,9.585955788693623,8.338500000000018,0.0,3.8209855844889145,6.639201261619354,8.3385,True,COLLISION with vehicle.ue4.audi.tt
baseline,baseline,0,50.0,0.4,20.0,20.0,False,vehicle.ue4.audi.tt,0.0,0.0,1.0282943924109114,23.72017533673905,26.27982466326095,3.9239999999999853,0.0,4.080549972014511,6.251817578351672,3.9240000000000004,True,COLLISION with vehicle.ue4.audi.tt
baseline,baseline,0,50.0,0.4,25.0,20.0,False,vehicle.ue4.audi.tt,0.0,0.0,1.3761703297458985,32.133934952975906,17.866065047024097,3.9239999999999853,0.0,3.839253602376374,4.67326940838413,3.9240000000000004,True,COLLISION with vehicle.ue4.audi.tt
baseline,baseline,0,50.0,0.4,30.0,20.0,False,vehicle.ue4.audi.tt,0.0,0.0,1.5915557582378868,32.90596289398066,17.09403710601934,3.9239999999999853,0.0,3.824948779788953,4.0496133296805565,3.9240000000000004,True,COLLISION with vehicle.ue4.audi.tt
baseline,baseline,0,50.0,0.4,35.0,20.0,False,vehicle.ue4.audi.tt,0.0,0.0,1.0049640659373305,30.537037073800235,19.462962926199765,3.9239999999999853,0.0,3.818791725080765,6.639201261619354,3.9240000000000004,True,COLLISION with vehicle.ue4.audi.tt
baseline,baseline,0,60.0,0.85,20.0,20.0,False,vehicle.ue4.audi.tt,0.0,0.0,0.8715222210920067,34.252382805151434,25.747617194848566,8.338499999999982,0.0,4.272007439648291,9.086393451542861,8.3385,True,COLLISION with vehicle.ue4.audi.tt
baseline,baseline,0,60.0,0.85,25.0,20.0,False,vehicle.ue4.audi.tt,0.0,0.0,1.1321023594448238,45.742719216938966,14.257280783061033,8.3385,0.0,3.8409955591786735,6.9582527156196,8.3385,True,COLLISION with vehicle.ue4.audi.tt
baseline,baseline,0,60.0,0.85,30.0,20.0,False,vehicle.ue4.audi.tt,0.0,0.0,1.450181401363242,49.330977715363765,10.669022284636236,8.3385,0.0,3.82948897945292,5.434061926855033,8.3385,True,COLLISION with vehicle.ue4.audi.tt
baseline,baseline,0,60.0,0.85,35.0,20.0,False,vehicle.ue4.audi.tt,0.0,0.0,1.5804397157617378,51.01975107703288,8.980248922967121,8.3385,0.0,3.821494920383225,4.996850708416284,8.3385,True,COLLISION with vehicle.ue4.audi.tt
baseline,baseline,0,60.0,0.4,20.0,20.0,False,vehicle.ue4.audi.tt,0.0,0.0,0.8715222210920067,14.685317222129534,45.314682777870466,3.9239999999999853,0.0,3.8887693330768487,9.086393451542861,3.9240000000000004,True,COLLISION with vehicle.ue4.audi.tt
baseline,baseline,0,60.0,0.4,25.0,20.0,False,vehicle.ue4.audi.tt,0.0,0.0,1.1321023594448238,33.32515661724408,26.674843382755917,3.9239999999999853,0.0,3.8897451764117275,6.9582527156196,3.9240000000000004,True,COLLISION with vehicle.ue4.audi.tt
baseline,baseline,0,60.0,0.4,30.0,20.0,False,vehicle.ue4.audi.tt,0.0,0.0,1.450181401363242,36.8878786582746,23.112121341725402,3.9239999999999853,0.0,3.8454499646729436,5.434061926855033,3.9240000000000004,True,COLLISION with vehicle.ue4.audi.tt
baseline,baseline,0,60.0,0.4,35.0,20.0,False,vehicle.ue4.audi.tt,0.0,0.0,1.5804397157617378,37.96761379030323,22.03238620969677,3.9239999999999853,0.0,3.8607010732454814,4.996850708416284,3.9240000000000004,True,COLLISION with vehicle.ue4.audi.tt
proposed,proposed,0,30.0,0.85,20.0,20.0,True,,3.9326650882441907,3.501718372541213,1.589240310269733,30.0,0.0,3.335400049701338,9.961448669433594,7.606969275542012,2.203696841912894,8.3385,True,AVOIDED
proposed,proposed,0,30.0,0.85,25.0,20.0,True,,1.4732212832962626,4.331886701944831,1.1535649608842213,30.0,0.0,8.3385,8.699321746826172,5.147472094913993,3.3316057713605907,8.3385,True,AVOIDED
proposed,proposed,0,30.0,0.85,30.0,20.0,True,,3.1056197352822723,3.501718372541213,1.5791092051880642,30.0,0.0,3.335400049701338,9.961444854736328,6.779923922580093,2.6176888670134737,8.3385,True,AVOIDED
proposed,proposed,0,30.0,0.85,35.0,20.0,True,,3.106171173581699,3.5020199028370245,1.5775132192311272,30.0,0.0,3.335400049701338,9.960845947265625,6.78047536087952,2.6176375743156006,8.3385,True,AVOIDED
proposed,proposed,0,30.0,0.4,20.0,20.0,True,,3.332902941808287,4.153258603069894,1.589240310269733,30.0,0.0,3.924000000000003,10.561573028564453,7.007207129106108,2.203696841912894,3.9240000000000004,True,AVOIDED
proposed,proposed,0,30.0,0.4,25.0,20.0,True,,1.7356738340102655,4.020221692679907,1.1535649608842213,30.0,0.0,3.924000000000003,8.436630249023438,5.409978021308087,3.3316057713605907,3.9240000000000004,True,AVOIDED
proposed,proposed,0,30.0,0.4,30.0,20.0,True,,2.851488863401923,4.200699432864554,1.7475006516602969,30.0,0.0,3.924000000000003,12.284446716308594,6.525793050699744,2.25235212050241,3.9240000000000004,True,AVOIDED
proposed,proposed,0,30.0,0.4,35.0,20.0,True,,2.6517077875786663,4.153947568581715,1.7308075634675884,30.0,0.0,3.924000000000003,11.657157897949219,6.326011974876487,2.3901259194849214,3.9240000000000004,True,AVOIDED
proposed,proposed,0,40.0,0.85,20.0,20.0,True,,1.4112985349541418,6.547570622823611,1.2511492783422866,40.0,0.0,8.3385,12.330005645751953,5.0853593058364766,3.961490876976411,8.3385,True,AVOIDED
proposed,proposed,0,40.0,0.85,25.0,20.0,True,,1.4138165315704683,0.0,1.5790028459838723,40.0,0.0,8.3385,16.74290657043457,5.0879148716720675,3.1554216785054994,8.3385,True,AVOIDED
proposed,proposed,0,40.0,0.85,30.0,20.0,True,,0.7296843913079281,7.866816028342706,1.0491368030451966,40.0,0.0,8.338500000000018,11.355693817138672,4.403767487520606,5.008331380756813,8.3385,True,AVOIDED
proposed,proposed,0,40.0,0.85,35.0,20.0,True,,1.5823564393882137,4.037112762822045,1.5394874871753652,40.0,0.0,8.3385,16.023054122924805,5.256443362897178,3.448934301588219,8.3385,True,AVOIDED
proposed,proposed,0,40.0,0.4,20.0,20.0,False,vehicle.ue4.audi.tt,0.0,0.0,1.2511492783422866,33.11641316747347,6.883586832526531,3.924000000000003,0.0,3.8189191614525546,3.961490876976411,3.9240000000000004,True,COLLISION with vehicle.ue4.audi.tt
proposed,proposed,0,40.0,0.4,25.0,20.0,True,,0.6557970973251885,4.102150845555789,1.68432575562793,40.0,0.0,3.924000000000003,18.607168197631836,4.3299641728384275,2.9667046316700834,3.9240000000000004,True,AVOIDED
proposed,proposed,0,40.0,0.4,30.0,20.0,False,vehicle.ue4.audi.tt,0.0,0.0,1.0491368030451966,30.791201741031593,9.20879825896841,3.924000000000003,0.0,3.8314663641137,5.008331380756813,3.9240000000000004,True,COLLISION with vehicle.ue4.audi.tt
proposed,proposed,0,40.0,0.4,35.0,20.0,False,vehicle.ue4.audi.tt,0.0,0.0,1.5394874871753652,35.920377800691774,4.079622199308225,3.924000000000003,0.0,3.8151437312198557,3.448934301588219,3.9240000000000004,True,COLLISION with vehicle.ue4.audi.tt
proposed,proposed,0,50.0,0.85,20.0,20.0,False,vehicle.ue4.audi.tt,0.0,0.0,1.0283507624270962,40.21925492040715,9.780745079592844,8.3385,0.0,3.821803534183559,6.251445427884491,8.3385,True,COLLISION with vehicle.ue4.audi.tt
proposed,proposed,0,50.0,0.85,25.0,20.0,True,,0.25844992026364544,6.805111960610857,1.3761703297458985,50.0,0.0,8.338500000000018,18.85797691345215,3.932616992230024,4.67326940838413,8.3385,True,AVOIDED
proposed,proposed,0,50.0,0.85,30.0,20.0,True,,0.9371726112655354,5.192653004512637,1.5915557582378868,50.0,0.0,8.338500000000018,21.630722045898438,4.611259613541595,4.0496133296805565,8.3385,True,AVOIDED
proposed,proposed,0,50.0,0.85,35.0,20.0,False,vehicle.ue4.audi.tt,0.0,0.0,1.0049640659373305,41.66213717885746,8.337862821142533,8.338500000000018,0.0,3.819370655569132,6.639201261619354,8.3385,True,COLLISION with vehicle.ue4.audi.tt
proposed,proposed,0,50.0,0.4,20.0,20.0,False,vehicle.ue4.audi.tt,0.0,0.0,1.0283507624270962,30.746068476133473,19.253931523866527,3.9239999999999853,0.0,3.9369491502098666,6.251445427884491,3.9240000000000004,True,COLLISION with vehicle.ue4.audi.tt
proposed,proposed,0,50.0,0.4,25.0,20.0,False,vehicle.ue4.audi.tt,0.0,0.0,1.3761703297458985,38.60154928810512,11.398450711894881,3.924000000000003,0.0,3.835964398498518,4.67326940838413,3.9240000000000004,True,COLLISION with vehicle.ue4.audi.tt
proposed,proposed,0,50.0,0.4,30.0,20.0,False,vehicle.ue4.audi.tt,0.0,0.0,1.6941838432089535,40.26513757405592,9.734862425944081,3.924000000000003,0.0,3.8358974193956326,3.810183359053096,3.9240000000000004,True,COLLISION with vehicle.ue4.audi.tt
proposed,proposed,0,50.0,0.4,35.0,20.0,False,vehicle.ue4.audi.tt,0.0,0.0,1.867194488192899,41.2336989094176,8.766301090582404,3.924000000000003,0.0,3.824272967015029,3.4750850219837917,3.9240000000000004,True,COLLISION with vehicle.ue4.audi.tt
proposed,proposed,0,60.0,0.85,20.0,20.0,False,vehicle.ue4.audi.tt,0.0,0.0,0.8715222210920067,39.745355904858265,20.254644095141735,8.3385,0.0,4.090407565210569,9.086393451542861,8.3385,True,COLLISION with vehicle.ue4.audi.tt
proposed,proposed,0,60.0,0.85,25.0,20.0,False,vehicle.ue4.audi.tt,0.0,0.0,1.1321023594448238,49.762324418348584,10.23767558165142,8.3385,0.0,3.8275239741220806,6.9582527156196,8.3385,True,COLLISION with vehicle.ue4.audi.tt
proposed,proposed,0,60.0,0.85,30.0,20.0,False,vehicle.ue4.audi.tt,0.0,0.0,1.450181401363242,51.995715916305194,8.004284083694804,8.3385,0.0,3.830084185564274,5.434061926855033,8.3385,True,COLLISION with vehicle.ue4.audi.tt
proposed,proposed,0,60.0,0.85,35.0,20.0,False,vehicle.ue4.audi.tt,0.0,0.0,1.5804397157617378,53.002357827449174,6.997642172550825,8.3385,0.0,3.821282385916836,4.996850708416284,8.3385,True,COLLISION with vehicle.ue4.audi.tt
proposed,proposed,0,60.0,0.4,20.0,20.0,False,vehicle.ue4.audi.tt,0.0,0.0,0.8715222210920067,23.376150649725737,36.62384935027426,3.924000000000021,0.0,4.3061964088081135,9.086393451542861,3.9240000000000004,True,COLLISION with vehicle.ue4.audi.tt
proposed,proposed,0,60.0,0.4,25.0,20.0,False,vehicle.ue4.audi.tt,0.0,0.0,1.1321023594448238,38.97776707012635,21.022232929873656,3.924000000000021,0.0,3.8362488572671705,6.9582527156196,3.9240000000000004,True,COLLISION with vehicle.ue4.audi.tt
proposed,proposed,0,60.0,0.4,30.0,20.0,False,vehicle.ue4.audi.tt,0.0,0.0,1.450181401363242,43.53443631547239,16.465563684527606,3.924000000000021,0.0,3.8265009718336325,5.434061926855033,3.9240000000000004,True,COLLISION with vehicle.ue4.audi.tt
proposed,proposed,0,60.0,0.4,35.0,20.0,False,vehicle.ue4.audi.tt,0.0,0.0,1.7309784479218406,45.034138462820856,14.965861537179142,3.924000000000003,0.0,3.8409592054484567,4.564096871698413,3.9240000000000004,True,COLLISION with vehicle.ue4.audi.tt
proposed_enhanced,proposed_enhanced,0,30.0,0.85,20.0,20.0,True,,0.44778845299124637,0.0,0.5367279891814162,30.0,0.0,8.3385,4.346397399902344,4.122085022218482,6.918478840599012,8.3385,True,AVOIDED
proposed_enhanced,proposed_enhanced,0,30.0,0.85,25.0,20.0,True,,0.3702462741230823,9.063808936728469,0.7784635386846538,30.0,0.0,8.3385,6.079704284667969,4.044443867631996,5.305284457571184,8.3385,True,AVOIDED
proposed_enhanced,proposed_enhanced,0,30.0,0.85,30.0,20.0,True,,0.3699232719256562,9.062061467275186,0.7792487672891447,30.0,0.0,8.3385,6.080097198486328,4.044067435680054,5.305347869072875,8.3385,True,AVOIDED
proposed_enhanced,proposed_enhanced,0,30.0,0.85,35.0,20.0,True,,0.37025006969740293,9.063808936728469,0.7784639980820746,30.0,0.0,8.3385,6.079704284667969,4.044447663205551,5.305281323157405,8.3385,True,AVOIDED
proposed_enhanced,proposed_enhanced,0,30.0,0.4,20.0,20.0,True,,0.3715627623167519,4.200696355670288,1.4351668111113582,30.0,0.0,3.924000000000003,12.284442901611328,4.045866949614573,2.4337404058639063,3.9240000000000004,True,AVOIDED
proposed_enhanced,proposed_enhanced,0,30.0,0.4,25.0,20.0,True,,1.007427863607047,4.064004671791085,1.1535649608842213,30.0,0.0,3.924000000000003,9.165596008300781,4.68159487980193,3.3316057713605907,3.9240000000000004,True,AVOIDED
proposed_enhanced,proposed_enhanced,0,30.0,0.4,30.0,20.0,True,,0.6357928535057873,3.5057601968077434,1.6745319319851621,30.0,0.0,3.924000000000003,13.67474365234375,4.310097040803608,2.387402356463033,3.9240000000000004,True,AVOIDED
proposed_enhanced,proposed_enhanced,0,30.0,0.4,35.0,20.0,True,,0.6356342877879042,3.50557374243105,1.7308075634675884,30.0,0.0,3.924000000000003,13.675102233886719,4.309938475085725,2.3901259194849214,3.9240000000000004,True,AVOIDED
proposed_enhanced,proposed_enhanced,0,40.0,0.85,20.0,20.0,False,vehicle.ue4.audi.tt,0.0,0.0,0.1501102073874885,20.694892677663113,19.305107322336887,8.338499999999982,0.0,3.8819999398502856,33.28535665424344,8.3385,True,COLLISION with vehicle.ue4.audi.tt
proposed_enhanced,proposed_enhanced,0,40.0,0.85,25.0,20.0,False,vehicle.ue4.audi.tt,0.0,8.62440697473196,0.6149612830747088,39.399104871108065,0.6008951288919321,8.3385,0.0,3.8158108518826235,8.417455933979024,8.3385,True,COLLISION with vehicle.ue4.audi.tt
proposed_enhanced,proposed_enhanced,0,40.0,0.85,30.0,20.0,True,,0.4810580141458134,7.464815042622891,1.0491368030451966,40.0,0.0,8.3385,11.604576110839844,4.155362201443634,5.008331380756813,8.3385,True,AVOIDED
proposed_enhanced,proposed_enhanced,0,40.0,0.85,35.0,20.0,True,,0.4823449403429292,7.464558147678174,1.0933288826888092,40.0,0.0,8.3385,11.604576110839844,4.15664912764075,5.042133668901332,8.3385,True,AVOIDED
proposed_enhanced,proposed_enhanced,0,40.0,0.4,20.0,20.0,False,vehicle.ue4.audi.tt,0.0,0.0,1.2511492783422866,33.11641316747347,6.883586832526531,3.924000000000003,0.0,3.8189191614525546,3.961490876976411,3.9240000000000004,True,COLLISION with vehicle.ue4.audi.tt
proposed_enhanced,proposed_enhanced,0,40.0,0.4,25.0,20.0,True,,0.9568739384593812,0.0,1.6825385577076486,40.0,0.0,3.924000000000003,18.30434226989746,4.631178125757202,2.9674486785125,3.9240000000000004,True,AVOIDED
proposed_enhanced,proposed_enhanced,0,40.0,0.4,30.0,20.0,True,,1.0675929710899084,4.0020605614899205,2.0878773221931035,40.0,0.0,3.924000000000003,23.1610164642334,4.741897158387729,2.409837267523869,3.9240000000000004,True,AVOIDED
proposed_enhanced,proposed_enhanced,0,40.0,0.4,35.0,20.0,True,,1.4959658084554226,4.06742200248043,1.5394874871753652,40.0,0.0,3.924000000000003,16.109521865844727,5.170258551979836,3.448934301588219,3.9240000000000004,True,AVOIDED
proposed_enhanced,proposed_enhanced,0,50.0,0.85,20.0,20.0,False,vehicle.ue4.audi.tt,0.0,9.179577207985744,1.0283507624270962,45.69731151052262,4.302688489477385,8.3385,0.0,3.8129846952657265,6.251445427884491,8.3385,True,COLLISION with vehicle.ue4.audi.tt
proposed_enhanced,proposed_enhanced,0,50.0,0.85,25.0,20.0,True,,0.45046258479036094,8.259250118162122,1.2728104921688268,50.0,0.0,8.338500000000018,17.28561782836914,4.124538065949098,5.040610907566165,8.3385,True,AVOIDED
proposed_enhanced,proposed_enhanced,0,50.0,0.85,30.0,20.0,False,vehicle.ue4.audi.tt,0.0,0.0,0.613945021705189,38.19292828846796,11.807071711532037,8.338500000000018,0.0,3.8331226666580007,10.750528962788541,8.3385,True,COLLISION with vehicle.ue4.audi.tt
proposed_enhanced,proposed_enhanced,0,50.0,0.85,35.0,20.0,True,,1.282818156992799,9.046357090180177,1.0049640659373305,50.0,0.0,8.338500000000018,13.001171112060547,4.95712234429062,6.639201261619354,8.3385,True,AVOIDED
proposed_enhanced,proposed_enhanced,0,50.0,0.4,20.0,20.0,False,vehicle.ue4.audi.tt,0.0,0.0,1.0283507624270962,30.746068476133473,19.253931523866527,3.9239999999999853,0.0,3.9369491502098666,6.251445427884491,3.9240000000000004,True,COLLISION with vehicle.ue4.audi.tt
proposed_enhanced,proposed_enhanced,0,50.0,0.4,25.0,20.0,False,vehicle.ue4.audi.tt,0.0,0.0,1.3761703297458985,38.60154928810512,11.398450711894881,3.924000000000003,0.0,3.835964398498518,4.67326940838413,3.9240000000000004,True,COLLISION with vehicle.ue4.audi.tt
proposed_enhanced,proposed_enhanced,0,50.0,0.4,30.0,20.0,True,,0.1808096024622179,4.0440465955635485,1.6941838432089535,50.0,0.0,3.924000000000003,23.7681941986084,3.855113789760039,3.810183359053096,3.9240000000000004,True,AVOIDED
proposed_enhanced,proposed_enhanced,0,50.0,0.4,35.0,20.0,True,,2.0878893954489097,3.992029641042854,2.0666893070923535,50.0,0.0,3.924000000000003,27.380596160888672,5.7620563242947656,3.1387611859632183,3.9240000000000004,True,AVOIDED
proposed_enhanced,proposed_enhanced,0,60.0,0.85,20.0,20.0,False,vehicle.ue4.audi.tt,0.0,0.0,0.8715222210920067,44.84740935167251,15.152590648327486,8.3385,0.0,3.8926817520277406,9.086393451542861,8.3385,True,COLLISION with vehicle.ue4.audi.tt
proposed_enhanced,proposed_enhanced,0,60.0,0.85,25.0,20.0,True,,0.5394924928235163,8.499512357079121,1.1321023594448238,60.0,0.0,8.3385,17.8830509185791,4.213796680121337,6.9582527156196,8.3385,True,AVOIDED
proposed_enhanced,proposed_enhanced,0,60.0,0.85,30.0,20.0,True,,0.9990036265194631,8.958729680127387,1.450181401363242,60.0,0.0,8.3385,23.221839904785156,4.673128729056905,5.434061926855033,8.3385,True,AVOIDED
proposed_enhanced,proposed_enhanced,0,60.0,0.85,35.0,20.0,True,,1.037472034860916,8.210602880240085,1.5297888343786956,60.0,0.0,8.3385,24.8402042388916,4.71160087264355,5.160787367370734,8.3385,True,AVOIDED
proposed_enhanced,proposed_enhanced,0,60.0,0.4,20.0,20.0,False,vehicle.ue4.audi.tt,0.0,0.0,0.8715222210920067,23.376150649725737,36.62384935027426,3.924000000000021,0.0,4.3061964088081135,9.086393451542861,3.9240000000000004,True,COLLISION with vehicle.ue4.audi.tt
proposed_enhanced,proposed_enhanced,0,60.0,0.4,25.0,20.0,False,vehicle.ue4.audi.tt,0.0,0.0,1.1321023594448238,38.97776707012635,21.022232929873656,3.924000000000021,0.0,3.8362488572671705,6.9582527156196,3.9240000000000004,True,COLLISION with vehicle.ue4.audi.tt
proposed_enhanced,proposed_enhanced,0,60.0,0.4,30.0,20.0,False,vehicle.ue4.audi.tt,0.0,0.0,1.450181401363242,43.53443631547239,16.465563684527606,3.924000000000021,0.0,3.8265009718336325,5.434061926855033,3.9240000000000004,True,COLLISION with vehicle.ue4.audi.tt
proposed_enhanced,proposed_enhanced,0,60.0,0.4,35.0,20.0,False,vehicle.ue4.audi.tt,0.0,0.0,1.7309784479218406,47.513713736220325,12.486286263779679,3.924000000000021,0.0,3.8216030945905084,4.564096871698413,3.9240000000000004,True,COLLISION with vehicle.ue4.audi.tt
