label,controller,delay_frames,ego_speed_kmh,lead_speed_kmh,mu,headway_thw,headway_d,avoided,collision_with,s_clearance,a_b_mfdd,t_c_warn,dv_speed_var,collision_speed_kmh,peak_decel,brake_distance,min_dist,a_req_at_brake,a_max,is_conflict,result_txt
baseline,baseline,0,20.0,20.0,0.85,1.0,5.555555555555555,True,,0.2019138357252963,10.453119983521168,1.0276972509210658,20.0,0.0,8.3385,2.132364273071289,4.9696979544055315,3.854961683271183,8.3385,True,AVOIDED
baseline,baseline,0,20.0,20.0,0.4,1.0,5.555555555555555,False,vehicle.ue4.audi.tt,0.0,0.0,1.027180161973942,8.740139531155819,11.259860468844181,3.924000000000003,0.0,4.895692838747953,3.8561031592528154,3.9240000000000004,True,COLLISION with vehicle.ue4.audi.tt
baseline,baseline,0,20.0,20.0,0.85,1.5,8.333333333333332,True,,1.0720443767769625,7.71498521924589,1.524544481957731,20.0,0.0,8.3385,2.937509536743164,5.839683536933365,3.642869055510605,8.3385,True,AVOIDED
baseline,baseline,0,20.0,20.0,0.4,1.5,8.333333333333332,False,vehicle.ue4.audi.tt,0.0,0.0,1.5241210236795302,15.290130420854286,4.709869579145714,3.924000000000003,0.0,4.907146465258253,3.6433767610283385,3.9240000000000004,True,COLLISION with vehicle.ue4.audi.tt
baseline,baseline,0,20.0,20.0,0.85,2.0,11.11111111111111,True,,1.3276138311944292,3.659027209484476,1.5769579829209088,20.0,0.0,3.335400049701338,4.358022689819336,6.095344544088494,2.6408963823463054,8.3385,True,AVOIDED
baseline,baseline,0,20.0,20.0,0.4,2.0,11.11111111111111,True,,0.20682145183274603,4.2613863048976794,1.5765482544638727,20.0,0.0,3.924000000000003,5.478311538696289,4.974672327687238,2.641128431557853,3.9240000000000004,True,AVOIDED
baseline,baseline,0,20.0,20.0,0.85,2.5,13.88888888888889,True,,3.0063323975487704,3.6585754881056736,1.5634631974108213,20.0,0.0,3.335400049701338,4.358644485473633,7.774063110438267,2.049671399985566,8.3385,True,AVOIDED
baseline,baseline,0,20.0,20.0,0.4,2.5,13.88888888888889,True,,0.5348053098150531,2.690518840616939,1.5631356248428965,20.0,0.0,3.924000000000003,6.829681396484375,5.302518856568293,2.0498076930225118,3.9240000000000004,True,AVOIDED
baseline,baseline,0,20.0,20.0,0.85,3.0,16.666666666666664,True,,4.4040851689989235,3.6574361751269278,1.5926756334445036,20.0,0.0,3.335400049701338,4.360797882080078,9.171817789249273,1.7271808654896244,8.3385,True,AVOIDED
baseline,baseline,0,20.0,20.0,0.4,3.0,16.666666666666664,True,,0.7004127617523199,2.0046487547329166,1.592566214080907,20.0,0.0,3.924000000000003,8.063982009887695,5.468263637606812,1.7272761451054515,3.9240000000000004,True,AVOIDED
baseline,baseline,0,30.0,30.0,0.85,1.0,8.333333333333334,True,,0.12737656277324128,9.287440317700943,1.4913584999013962,30.0,0.0,8.3385,5.677133560180664,4.895063406621209,5.527246761241946,8.3385,True,AVOIDED
baseline,baseline,0,30.0,30.0,0.4,1.0,8.333333333333334,False,vehicle.ue4.audi.tt,0.0,0.0,1.4965137535196515,17.77346760029708,12.226532399702918,3.924000000000003,0.0,4.92810249338815,5.529156961112872,3.9240000000000004,True,COLLISION with vehicle.ue4.audi.tt
baseline,baseline,0,30.0,30.0,0.85,1.5,12.5,True,,1.2146989160911073,8.359683304687305,1.4978341553493797,30.0,0.0,8.3385,6.274269104003906,5.982298022320891,4.541629174900243,8.3385,True,AVOIDED
baseline,baseline,0,30.0,30.0,0.4,1.5,12.5,False,vehicle.ue4.audi.tt,0.0,0.0,1.5001870955425671,20.78264135038605,9.21735864961395,3.924000000000003,0.0,4.922472001971764,4.542613936001572,3.9240000000000004,True,COLLISION with vehicle.ue4.audi.tt
baseline,baseline,0,30.0,30.0,0.85,2.0,16.666666666666668,True,,1.5107250217146735,4.938377924045225,1.558501907856058,30.0,0.0,8.3385,8.07876968383789,6.27849197412271,3.553040417315222,8.3385,True,AVOIDED
baseline,baseline,0,30.0,30.0,0.4,2.0,16.666666666666668,False,vehicle.ue4.audi.tt,0.0,0.0,1.5556423846254275,22.251260737266104,7.748739262733896,3.924000000000003,0.0,4.906608638545983,3.5536331835203545,3.9240000000000004,True,COLLISION with vehicle.ue4.audi.tt
baseline,baseline,0,30.0,30.0,0.85,2.5,20.833333333333336,True,,1.730516606536093,3.502564285803724,1.555509886909128,30.0,0.0,3.335400049701338,9.959571838378906,6.498367482390585,2.9208720157525128,8.3385,True,AVOIDED
baseline,baseline,0,30.0,30.0,0.4,2.5,20.833333333333336,False,vehicle.ue4.audi.tt,0.0,0.0,1.5568011846642291,23.030408738648983,6.969591261351017,3.924000000000003,0.0,4.898860932119428,2.921264935779513,3.9240000000000004,True,COLLISION with vehicle.ue4.audi.tt
baseline,baseline,0,30.0,30.0,0.85,3.0,25.0,True,,2.9992240114637587,3.501718372541213,1.5663577887799187,30.0,0.0,3.335400049701338,9.961446762084961,7.767074887318251,2.6387316278142037,8.3385,True,AVOIDED
baseline,baseline,0,30.0,30.0,0.4,3.0,25.0,False,vehicle.ue4.audi.tt,0.0,0.0,1.564538689948,24.378391647114846,5.621608352885156,3.924000000000003,0.0,4.909687560513702,2.6390243405774925,3.9240000000000004,True,COLLISION with vehicle.ue4.audi.tt
baseline,baseline,0,40.0,40.0,0.85,1.0,11.11111111111111,False,vehicle.ue4.audi.tt,0.0,0.0,1.463429358931834,32.86637118689079,7.133628813109211,8.3385,0.0,4.906415428690845,6.585243016700176,8.3385,True,COLLISION with vehicle.ue4.audi.tt
baseline,baseline,0,40.0,40.0,0.4,1.0,11.11111111111111,False,vehicle.ue4.audi.tt,0.0,0.0,1.4625655724835638,23.458496655187854,16.541503344812146,3.9239999999999853,0.0,4.919025429714253,6.587173239442366,3.9240000000000004,True,COLLISION with vehicle.ue4.audi.tt
baseline,baseline,0,40.0,40.0,0.85,1.5,16.666666666666664,False,vehicle.ue4.audi.tt,0.0,8.92490351418854,1.4978989383190238,37.41658734701361,2.5834126529863894,8.338500000000018,0.0,4.894690617894768,5.610379576220253,8.3385,True,COLLISION with vehicle.ue4.audi.tt
baseline,baseline,0,40.0,40.0,0.4,1.5,16.666666666666664,False,vehicle.ue4.audi.tt,0.0,0.0,1.4979309987928373,26.110008614152303,13.889991385847697,3.924000000000003,0.0,4.9055557769639435,5.610950213515961,3.9240000000000004,True,COLLISION with vehicle.ue4.audi.tt
baseline,baseline,0,40.0,40.0,0.85,2.0,22.22222222222222,True,,0.9787410214319259,6.835319143198157,1.5352075693094698,40.0,0.0,8.3385,12.093549728393555,5.746363019271489,4.646139043398756,8.3385,True,AVOIDED
baseline,baseline,0,40.0,40.0,0.4,2.0,22.22222222222222,False,vehicle.ue4.audi.tt,0.0,0.0,1.5346654269310267,26.964320445550694,13.035679554449306,3.924000000000003,0.0,4.939426449615423,4.6472998193919,3.9240000000000004,True,COLLISION with vehicle.ue4.audi.tt
baseline,baseline,0,40.0,40.0,0.85,2.5,27.77777777777778,True,,1.4725434958939632,5.219126710515103,1.517171235020837,40.0,0.0,8.3385,13.846500396728516,6.240394371748455,3.970144486766125,8.3385,True,AVOIDED
baseline,baseline,0,40.0,40.0,0.4,2.5,27.77777777777778,False,vehicle.ue4.audi.tt,0.0,0.0,1.5170054847351226,27.7373532942963,12.262646705703698,3.924000000000003,0.0,4.91310166039766,3.9704487614236386,3.9240000000000004,True,COLLISION with vehicle.ue4.audi.tt
baseline,baseline,0,40.0,40.0,0.85,3.0,33.33333333333333,True,,1.5411349219426969,4.038347363173135,1.592462827843923,40.0,0.0,8.3385,16.02057647705078,6.308795072785682,3.468196068378685,8.3385,True,AVOIDED
baseline,baseline,0,40.0,40.0,0.4,3.0,33.33333333333333,False,vehicle.ue4.audi.tt,0.0,0.0,1.592781703536857,28.577360523132906,11.422639476867094,3.924000000000003,0.0,4.922974686552187,3.4679312656333,3.9240000000000004,True,COLLISION with vehicle.ue4.audi.tt
baseline,baseline,0,50.0,50.0,0.85,1.0,13.88888888888889,False,vehicle.ue4.audi.tt,0.0,0.0,1.5368263745411097,36.419998806304505,13.580001193695495,8.338500000000018,0.0,4.933681666892196,7.347043630750755,8.3385,True,COLLISION with vehicle.ue4.audi.tt
baseline,baseline,0,50.0,50.0,0.4,1.0,13.88888888888889,False,vehicle.ue4.audi.tt,0.0,0.0,1.5414885258865976,26.078885444881553,23.921114555118447,3.9239999999999853,0.0,4.899126578404428,7.337281362407446,3.9240000000000004,True,COLLISION with vehicle.ue4.audi.tt
baseline,baseline,0,50.0,50.0,0.85,1.5,20.833333333333336,False,vehicle.ue4.audi.tt,0.0,0.0,1.5366633997877233,39.88675204671759,10.11324795328241,8.338500000000018,0.0,4.921982277488087,6.602333366155927,8.3385,True,COLLISION with vehicle.ue4.audi.tt
baseline,baseline,0,50.0,50.0,0.4,1.5,20.833333333333336,False,vehicle.ue4.audi.tt,0.0,0.0,1.5369289512874023,30.446771582148187,19.553228417851813,3.9239999999999853,0.0,4.899681247845509,6.603225939597002,3.9240000000000004,True,COLLISION with vehicle.ue4.audi.tt
baseline,baseline,0,50.0,50.0,0.85,2.0,27.77777777777778,False,vehicle.ue4.audi.tt,0.0,0.0,1.5387210192923593,42.83421272808645,7.165787271913549,8.3385,0.0,4.91748862549032,5.759141036102191,8.3385,True,COLLISION with vehicle.ue4.audi.tt
baseline,baseline,0,50.0,50.0,0.4,2.0,27.77777777777778,False,vehicle.ue4.audi.tt,0.0,0.0,1.5380030540665015,31.43132428664935,18.56867571335065,3.9239999999999853,0.0,4.918584833502005,5.759328130792308,3.9240000000000004,True,COLLISION with vehicle.ue4.audi.tt
baseline,baseline,0,50.0,50.0,0.85,2.5,34.72222222222222,True,,0.1683500967284015,6.567985614938648,1.5828040117239706,50.0,0.0,8.3385,19.157581329345703,4.9359530090479655,4.923026994393354,8.3385,True,AVOIDED
baseline,baseline,0,50.0,50.0,0.4,2.5,34.72222222222222,False,vehicle.ue4.audi.tt,0.0,0.0,1.5819599028718807,31.970880585481353,18.029119414518647,3.9239999999999853,0.0,4.936582053937945,4.923476883813943,3.9240000000000004,True,COLLISION with vehicle.ue4.audi.tt
baseline,baseline,0,50.0,50.0,0.85,3.0,41.66666666666667,False,,0.0,0.0,1.5530828909371022,50.0,0.0,3.3354000497013203,0.0,11.28359317338748,4.444667012930342,8.3385,True,NO BRAKE / passed
baseline,baseline,0,50.0,50.0,0.4,3.0,41.66666666666667,False,,0.0,0.0,1.55346833250409,50.0,0.0,3.9239999999999853,0.0,10.91912409555383,4.444685535881227,3.9240000000000004,True,NO BRAKE / passed
baseline,baseline,0,60.0,60.0,0.85,1.0,16.666666666666668,False,vehicle.ue4.audi.tt,0.0,0.0,1.5414337970136753,38.1851233173585,21.814876682641493,8.338499999999982,0.0,4.899555210549338,8.178634435944101,8.3385,True,COLLISION with vehicle.ue4.audi.tt
baseline,baseline,0,60.0,60.0,0.4,1.0,16.666666666666668,False,vehicle.ue4.audi.tt,0.0,0.0,1.5426327367458859,30.715187954248602,29.284812045751398,3.9239999999999853,0.0,4.916126253274321,8.171760926367462,3.9240000000000004,True,COLLISION with vehicle.ue4.audi.tt
baseline,baseline,0,60.0,60.0,0.85,1.5,25.0,False,vehicle.ue4.audi.tt,0.0,0.0,1.5179003642955156,44.11457368289726,15.885426317102741,8.338499999999982,0.0,4.96635080334963,7.723672276625629,8.3385,True,COLLISION with vehicle.ue4.audi.tt
baseline,baseline,0,60.0,60.0,0.4,1.5,25.0,False,vehicle.ue4.audi.tt,0.0,0.0,1.5179303995262177,35.65139792928109,24.348602070718908,3.9239999999999853,0.0,4.990619807087106,7.724693973202227,3.9240000000000004,True,COLLISION with vehicle.ue4.audi.tt
baseline,baseline,0,60.0,60.0,0.85,2.0,33.333333333333336,False,,0.0,0.0,1.5878646170813733,60.0,0.0,8.338499999999982,0.0,8.24083328394134,6.755292853330584,8.3385,True,NO BRAKE / passed
baseline,baseline,0,60.0,60.0,0.4,2.0,33.333333333333336,False,,0.0,0.0,1.5876596103857359,60.0,0.0,3.9239999999999853,0.0,8.101230621449048,6.755814378925434,3.9240000000000004,True,NO BRAKE / passed
baseline,baseline,0,60.0,60.0,0.85,2.5,41.66666666666667,False,,0.0,0.0,1.5878978870973606,60.0,0.0,3.3354000497013203,0.0,16.25029754815325,6.002032820303024,8.3385,True,NO BRAKE / passed
baseline,baseline,0,60.0,60.0,0.4,2.5,41.66666666666667,False,,0.0,0.0,1.5876460410358477,60.0,0.0,1.5696000233888796,0.0,16.487026217557965,6.002366512836536,3.9240000000000004,True,NO BRAKE / passed
baseline,baseline,0,60.0,60.0,0.85,3.0,50.0,False,,0.0,0.0,1.5531412837826004,60.0,0.0,3.3354000497013203,0.0,24.612155915762973,5.411479914972096,8.3385,True,NO BRAKE / passed
baseline,baseline,0,60.0,60.0,0.4,3.0,50.0,False,,0.0,0.0,1.5528560793872372,60.0,0.0,1.5696000233888796,0.0,24.487895967343547,5.411740493118561,3.9240000000000004,True,NO BRAKE / passed
proposed,proposed,0,20.0,20.0,0.85,1.0,5.555555555555555,True,,0.2019138357252963,10.453119983521168,1.0276972509210658,20.0,0.0,8.3385,2.132364273071289,4.9696979544055315,3.854961683271183,8.3385,True,AVOIDED
proposed,proposed,0,20.0,20.0,0.4,1.0,5.555555555555555,False,vehicle.ue4.audi.tt,0.0,0.0,1.027180161973942,10.052963990272419,9.947036009727581,3.924000000000003,0.0,4.898561490335623,3.8561031592528154,3.9240000000000004,True,COLLISION with vehicle.ue4.audi.tt
proposed,proposed,0,20.0,20.0,0.85,1.5,8.333333333333332,True,,1.0720443767769625,7.71498521924589,1.524544481957731,20.0,0.0,8.3385,2.937509536743164,5.839683536933365,3.642869055510605,8.3385,True,AVOIDED
proposed,proposed,0,20.0,20.0,0.4,1.5,8.333333333333332,False,vehicle.ue4.audi.tt,0.0,4.457639972928761,1.5241210236795302,18.05292716950635,1.9470728304936498,3.924000000000003,0.0,4.8937015636645675,3.6433767610283385,3.9240000000000004,True,COLLISION with vehicle.ue4.audi.tt
proposed,proposed,0,20.0,20.0,0.85,2.0,11.11111111111111,True,,1.3276138311944292,3.659027209484476,1.5769579829209088,20.0,0.0,3.335400049701338,4.358022689819336,6.095344544088494,2.6408963823463054,8.3385,True,AVOIDED
proposed,proposed,0,20.0,20.0,0.4,2.0,11.11111111111111,True,,1.5198879304243915,4.0531298286702,1.5765482544638727,20.0,0.0,3.924000000000003,4.165262222290039,6.287603384526088,2.641128431557853,3.9240000000000004,True,AVOIDED
proposed,proposed,0,20.0,20.0,0.85,2.5,13.88888888888889,True,,3.0063323975487704,3.6585754881056736,1.5634631974108213,20.0,0.0,3.335400049701338,4.358644485473633,7.774063110438267,2.049671399985566,8.3385,True,AVOIDED
proposed,proposed,0,20.0,20.0,0.4,2.5,13.88888888888889,True,,3.165334705810249,4.334045105616085,1.7337599816727003,20.0,0.0,3.924000000000003,4.474906921386719,7.933135990600315,1.974836052488238,3.9240000000000004,True,AVOIDED
proposed,proposed,0,20.0,20.0,0.85,3.0,16.666666666666664,True,,4.4040851689989235,3.6574361751269278,1.5926756334445036,20.0,0.0,3.335400049701338,4.360797882080078,9.171817789249273,1.7271808654896244,8.3385,True,AVOIDED
proposed,proposed,0,20.0,20.0,0.4,3.0,16.666666666666664,True,,3.186069491784326,3.3241366557309386,1.6928175800883754,20.0,0.0,3.924000000000003,6.129241943359375,7.953920367638818,1.6249603754545856,3.9240000000000004,True,AVOIDED
proposed,proposed,0,30.0,30.0,0.85,1.0,8.333333333333334,True,,0.12737656277324128,9.287440317700943,1.4913584999013962,30.0,0.0,8.3385,5.677133560180664,4.895063406621209,5.527246761241946,8.3385,True,AVOIDED
proposed,proposed,0,30.0,30.0,0.4,1.0,8.333333333333334,False,vehicle.ue4.audi.tt,0.0,0.0,1.4965137535196515,19.782304558389427,10.217695441610571,3.924000000000003,0.0,4.898994453221884,5.529156961112872,3.9240000000000004,True,COLLISION with vehicle.ue4.audi.tt
proposed,proposed,0,30.0,30.0,0.85,1.5,12.5,True,,1.2146989160911073,8.359683304687305,1.4978341553493797,30.0,0.0,8.3385,6.274269104003906,5.982298022320891,4.541629174900243,8.3385,True,AVOIDED
proposed,proposed,0,30.0,30.0,0.4,1.5,12.5,False,vehicle.ue4.audi.tt,0.0,0.0,1.6806460601179907,23.38853205173725,6.6114679482627485,3.924000000000003,0.0,4.90334511157686,4.302019118095181,3.9240000000000004,True,COLLISION with vehicle.ue4.audi.tt
proposed,proposed,0,30.0,30.0,0.85,2.0,16.666666666666668,True,,1.5107250217146735,4.938377924045225,1.558501907856058,30.0,0.0,8.3385,8.07876968383789,6.27849197412271,3.553040417315222,8.3385,True,AVOIDED
proposed,proposed,0,30.0,30.0,0.4,2.0,16.666666666666668,True,,0.3628559120931305,4.0200385010662805,1.7045799907018522,30.0,0.0,3.924000000000003,9.638933181762695,5.130706787947623,3.406237288102827,3.9240000000000004,True,AVOIDED
proposed,proposed,0,30.0,30.0,0.85,2.5,20.833333333333336,True,,1.730516606536093,3.502564285803724,1.555509886909128,30.0,0.0,3.335400049701338,9.959571838378906,6.498367482390585,2.9208720157525128,8.3385,True,AVOIDED
proposed,proposed,0,30.0,30.0,0.4,2.5,20.833333333333336,True,,2.227457136795225,4.107618692874129,1.6726036807602376,30.0,0.0,3.924000000000003,9.874568939208984,6.995166869044345,2.8207196643833763,3.9240000000000004,True,AVOIDED
proposed,proposed,0,30.0,30.0,0.85,3.0,25.0,True,,2.9992240114637587,3.501718372541213,1.5663577887799187,30.0,0.0,3.335400049701338,9.961446762084961,7.767074887318251,2.6387316278142037,8.3385,True,AVOIDED
proposed,proposed,0,30.0,30.0,0.4,3.0,25.0,True,,2.7447416973140175,4.019362245863514,1.7642192354390471,30.0,0.0,3.924000000000003,11.869022369384766,7.51259257316851,2.3401724697625426,3.9240000000000004,True,AVOIDED
proposed,proposed,0,40.0,40.0,0.85,1.0,11.11111111111111,False,vehicle.ue4.audi.tt,0.0,0.0,1.463429358931834,32.86637118689079,7.133628813109211,8.3385,0.0,4.906415428690845,6.585243016700176,8.3385,True,COLLISION with vehicle.ue4.audi.tt
proposed,proposed,0,40.0,40.0,0.4,1.0,11.11111111111111,False,vehicle.ue4.audi.tt,0.0,0.0,1.6890733126384643,25.553071265360295,14.446928734639707,3.924000000000003,0.0,4.911443727228645,6.179789901881997,3.9240000000000004,True,COLLISION with vehicle.ue4.audi.tt
proposed,proposed,0,40.0,40.0,0.85,1.5,16.666666666666664,False,vehicle.ue4.audi.tt,0.0,8.92490351418854,1.4978989383190238,37.41658734701361,2.5834126529863894,8.338500000000018,0.0,4.894690617894768,5.610379576220253,8.3385,True,COLLISION with vehicle.ue4.audi.tt
proposed,proposed,0,40.0,40.0,0.4,1.5,16.666666666666664,False,vehicle.ue4.audi.tt,0.0,0.0,1.6350227773608492,28.19659092310946,11.803409076890537,3.924000000000003,0.0,4.9335403492961865,5.339216118426095,3.9240000000000004,True,COLLISION with vehicle.ue4.audi.tt
proposed,proposed,0,40.0,40.0,0.85,2.0,22.22222222222222,True,,0.9787410214319259,6.835319143198157,1.5352075693094698,40.0,0.0,8.3385,12.093549728393555,5.746363019271489,4.646139043398756,8.3385,True,AVOIDED
proposed,proposed,0,40.0,40.0,0.4,2.0,22.22222222222222,False,vehicle.ue4.audi.tt,0.0,0.0,1.6466820579698962,30.693706294651918,9.306293705348084,3.924000000000003,0.0,4.900303038887395,4.461548951861006,3.9240000000000004,True,COLLISION with vehicle.ue4.audi.tt
proposed,proposed,0,40.0,40.0,0.85,2.5,27.77777777777778,True,,1.4725434958939632,5.219126710515103,1.517171235020837,40.0,0.0,8.3385,13.846500396728516,6.240394371748455,3.970144486766125,8.3385,True,AVOIDED
proposed,proposed,0,40.0,40.0,0.4,2.5,27.77777777777778,False,vehicle.ue4.audi.tt,0.0,0.0,1.7233232145391437,35.38317577083746,4.616824229162541,3.924000000000003,0.0,4.89838071952262,3.7017406674007964,3.9240000000000004,True,COLLISION with vehicle.ue4.audi.tt
proposed,proposed,0,40.0,40.0,0.85,3.0,33.33333333333333,True,,1.5411349219426969,4.038347363173135,1.592462827843923,40.0,0.0,8.3385,16.02057647705078,6.308795072785682,3.468196068378685,8.3385,True,AVOIDED
proposed,proposed,0,40.0,40.0,0.4,3.0,33.33333333333333,False,vehicle.ue4.audi.tt,0.0,4.071406704155395,1.741385303191896,38.152655602336864,1.8473443976631392,3.924000000000003,0.0,4.8936969902138046,3.1700601478943344,3.9240000000000004,True,COLLISION with vehicle.ue4.audi.tt
proposed,proposed,0,50.0,50.0,0.85,1.0,13.88888888888889,False,vehicle.ue4.audi.tt,0.0,0.0,1.5396789646693683,36.66377224145344,13.336227758546565,8.338500000000018,0.0,4.898197431135843,7.339271753267539,8.3385,True,COLLISION with vehicle.ue4.audi.tt
proposed,proposed,0,50.0,50.0,0.4,1.0,13.88888888888889,False,vehicle.ue4.audi.tt,0.0,0.0,1.7164911934183178,30.041764113443694,19.958235886556306,3.9239999999999853,0.0,4.896302886050009,6.96504338213326,3.9240000000000004,True,COLLISION with vehicle.ue4.audi.tt
proposed,proposed,0,50.0,50.0,0.85,1.5,20.833333333333336,False,vehicle.ue4.audi.tt,0.0,0.0,1.5366633997877233,40.20938745174117,9.790612548258828,8.338500000000018,0.0,4.910530580327268,6.602333366155927,8.3385,True,COLLISION with vehicle.ue4.audi.tt
proposed,proposed,0,50.0,50.0,0.4,1.5,20.833333333333336,False,vehicle.ue4.audi.tt,0.0,0.0,1.8005841024339466,34.00823884526677,15.991761154733235,3.9239999999999853,0.0,4.964412064007339,6.028715698443331,3.9240000000000004,True,COLLISION with vehicle.ue4.audi.tt
proposed,proposed,0,50.0,50.0,0.85,2.0,27.77777777777778,False,vehicle.ue4.audi.tt,0.0,0.0,1.5387210192923593,42.83421272808645,7.165787271913549,8.3385,0.0,4.91748862549032,5.759141036102191,8.3385,True,COLLISION with vehicle.ue4.audi.tt
proposed,proposed,0,50.0,50.0,0.4,2.0,27.77777777777778,False,vehicle.ue4.audi.tt,0.0,0.0,1.8758773454259712,35.69036043183026,14.309639568169741,3.924000000000003,0.0,4.92826173705589,5.1196161237839455,3.9240000000000004,True,COLLISION with vehicle.ue4.audi.tt
proposed,proposed,0,50.0,50.0,0.85,2.5,34.72222222222222,True,,0.1683500967284015,6.567985614938648,1.5828040117239706,50.0,0.0,8.3385,19.157581329345703,4.9359530090479655,4.923026994393354,8.3385,True,AVOIDED
proposed,proposed,0,50.0,50.0,0.4,2.5,34.72222222222222,False,vehicle.ue4.audi.tt,0.0,0.0,1.8801603817024044,37.975257370104366,12.024742629895634,3.924000000000003,0.0,4.901952945143511,4.4464088089142955,3.9240000000000004,True,COLLISION with vehicle.ue4.audi.tt
proposed,proposed,0,50.0,50.0,0.85,3.0,41.66666666666667,False,,0.0,0.0,1.5530828909371022,50.0,0.0,3.3354000497013203,0.0,11.28359317338748,4.444667012930342,8.3385,True,NO BRAKE / passed
proposed,proposed,0,50.0,50.0,0.4,3.0,41.66666666666667,False,,0.0,0.0,1.85516823812604,50.0,0.0,3.9239999999999853,0.0,11.315742836699938,3.934965505443924,3.9240000000000004,True,NO BRAKE / passed
proposed,proposed,0,60.0,60.0,0.85,1.0,16.666666666666668,False,vehicle.ue4.audi.tt,0.0,0.0,1.5414337970136753,42.49440935203448,17.505590647965523,8.3385,0.0,4.93773651968574,8.178634435944101,8.3385,True,COLLISION with vehicle.ue4.audi.tt
proposed,proposed,0,60.0,60.0,0.4,1.0,16.666666666666668,False,vehicle.ue4.audi.tt,0.0,0.0,1.8668001920773456,34.88671566199865,25.113284338001353,3.924000000000021,0.0,4.950706827817439,7.443964148995502,3.9240000000000004,True,COLLISION with vehicle.ue4.audi.tt
proposed,proposed,0,60.0,60.0,0.85,1.5,25.0,False,vehicle.ue4.audi.tt,0.0,0.0,1.5179003642955156,45.9941303187355,14.0058696812645,8.3385,0.0,4.927204492445811,7.723672276625629,8.3385,True,COLLISION with vehicle.ue4.audi.tt
proposed,proposed,0,60.0,60.0,0.4,1.5,25.0,False,vehicle.ue4.audi.tt,0.0,0.0,1.8759172085135993,39.37090026826789,20.629099731732108,3.924000000000021,0.0,4.919212490880085,6.789588489867011,3.9240000000000004,True,COLLISION with vehicle.ue4.audi.tt
proposed,proposed,0,60.0,60.0,0.85,2.0,33.333333333333336,False,,0.0,0.0,1.5878646170813733,60.0,0.0,8.338499999999982,0.0,8.477176667676295,6.755292853330584,8.3385,True,NO BRAKE / passed
proposed,proposed,0,60.0,60.0,0.4,2.0,33.333333333333336,False,,0.0,0.0,1.905220588643226,60.0,0.0,3.9239999999999853,0.0,8.275402069234726,6.018425054777364,3.9240000000000004,True,NO BRAKE / passed
proposed,proposed,0,60.0,60.0,0.85,2.5,41.66666666666667,False,,0.0,0.0,1.5878978870973606,60.0,0.0,3.3354000497013203,0.0,16.25029754815325,6.002032820303024,8.3385,True,NO BRAKE / passed
proposed,proposed,0,60.0,60.0,0.4,2.5,41.66666666666667,False,,0.0,0.0,1.9657996293202769,60.0,0.0,3.9239999999999853,0.0,16.5469818127879,5.244704754638414,3.9240000000000004,True,NO BRAKE / passed
proposed,proposed,0,60.0,60.0,0.85,3.0,50.0,False,,0.0,0.0,1.5531412837826004,60.0,0.0,3.3354000497013203,0.0,24.612155915762973,5.411479914972096,8.3385,True,NO BRAKE / passed
proposed,proposed,0,60.0,60.0,0.4,3.0,50.0,False,,0.0,0.0,1.98339868966077,60.0,0.0,3.9239999999999853,0.0,24.765625001696947,4.646705466069283,3.9240000000000004,True,NO BRAKE / passed
proposed_enhanced,proposed_enhanced,0,20.0,20.0,0.85,1.0,5.555555555555555,False,vehicle.ue4.audi.tt,0.0,0.0,0.6471768661997551,12.853515888292925,7.146484111707075,8.3385,0.0,4.898595811398653,5.379311396698433,8.3385,True,COLLISION with vehicle.ue4.audi.tt
proposed_enhanced,proposed_enhanced,0,20.0,20.0,0.4,1.0,5.555555555555555,False,vehicle.ue4.audi.tt,0.0,0.0,1.027180161973942,10.052963990272419,9.947036009727581,3.924000000000003,0.0,4.898561490335623,3.8561031592528154,3.9240000000000004,True,COLLISION with vehicle.ue4.audi.tt
proposed_enhanced,proposed_enhanced,0,20.0,20.0,0.85,1.5,8.333333333333332,False,vehicle.ue4.audi.tt,0.0,8.747900989638335,0.763968767644508,18.40271108096782,1.5972889190321817,8.3385,0.0,4.892934809223656,5.126813767198609,8.3385,True,COLLISION with vehicle.ue4.audi.tt
proposed_enhanced,proposed_enhanced,0,20.0,20.0,0.4,1.5,8.333333333333332,True,,0.36039162570407246,4.333562408930642,3.2878006473730355,20.0,0.0,3.924000000000003,4.475374221801758,5.128196725191456,2.7077764563321014,3.9240000000000004,True,AVOIDED
proposed_enhanced,proposed_enhanced,0,20.0,20.0,0.85,2.0,11.11111111111111,False,vehicle.ue4.audi.tt,0.0,8.579298649367136,0.5314333532093125,19.092192044909073,0.9078079550909274,8.3385,0.0,4.891550064396961,5.162627905783898,8.3385,True,COLLISION with vehicle.ue4.audi.tt
proposed_enhanced,proposed_enhanced,0,20.0,20.0,0.4,2.0,11.11111111111111,True,,0.23027039610579436,3.4811560438182867,2.0627964482367553,20.0,0.0,3.924000000000003,6.005826950073242,4.9981212719602865,2.400623323390641,3.9240000000000004,True,AVOIDED
proposed_enhanced,proposed_enhanced,0,20.0,20.0,0.85,2.5,13.88888888888889,True,,0.14384079059568666,8.554016678348559,0.5362577205256541,20.0,0.0,8.3385,2.8138370513916016,4.91147804342501,5.116556625615377,8.3385,True,AVOIDED
proposed_enhanced,proposed_enhanced,0,20.0,20.0,0.4,2.5,13.88888888888889,True,,0.25819981049509,3.4822714254592206,1.135489605829364,20.0,0.0,3.924000000000003,6.00452995300293,5.026050686349582,2.4163623690086666,3.9240000000000004,True,AVOIDED
proposed_enhanced,proposed_enhanced,0,20.0,20.0,0.85,3.0,16.666666666666664,True,,0.16598513442296436,8.553987968343948,0.5402700870624839,20.0,0.0,8.3385,2.813844680786133,4.933622387356617,5.078505333963074,8.3385,True,AVOIDED
proposed_enhanced,proposed_enhanced,0,20.0,20.0,0.4,3.0,16.666666666666664,True,,0.28067399282851824,3.4824260656651744,1.139573924017096,20.0,0.0,3.924000000000003,6.004188537597656,5.04852486868301,2.407787586860677,3.9240000000000004,True,AVOIDED
proposed_enhanced,proposed_enhanced,0,30.0,30.0,0.85,1.0,8.333333333333334,True,,0.3387184219646695,8.776374924336977,1.4913584999013962,30.0,0.0,8.3385,5.465799331665039,5.106561670259699,5.527246761241946,8.3385,True,AVOIDED
proposed_enhanced,proposed_enhanced,0,30.0,30.0,0.4,1.0,8.333333333333334,False,vehicle.ue4.audi.tt,0.0,0.0,4.9528214313640655,24.014697579073776,5.985302420926226,3.924000000000003,0.0,4.906347285972629,3.0257385914018777,3.9240000000000004,True,COLLISION with vehicle.ue4.audi.tt
proposed_enhanced,proposed_enhanced,0,30.0,30.0,0.85,1.5,12.5,True,,0.38725104666590937,8.359689398119565,1.1946598123514136,30.0,0.0,8.3385,6.274269104003906,5.154848245557473,5.105013915470057,8.3385,True,AVOIDED
proposed_enhanced,proposed_enhanced,0,30.0,30.0,0.4,1.5,12.5,True,,0.8767453695234302,4.0628730741844175,7.039928856539185,30.0,0.0,3.924000000000003,10.333917617797852,5.644460823953505,2.605715723502676,3.9240000000000004,True,AVOIDED
proposed_enhanced,proposed_enhanced,0,30.0,30.0,0.85,2.0,16.666666666666668,True,,0.23279767067777346,7.780864668668057,0.8262377116512014,30.0,0.0,8.3385,6.460597991943359,5.000648546532266,5.108425233623513,8.3385,True,AVOIDED
proposed_enhanced,proposed_enhanced,0,30.0,30.0,0.4,2.0,16.666666666666668,True,,0.6561069521477272,3.6239197408958055,5.406214663990653,30.0,0.0,3.924000000000003,13.482925415039062,5.423824313598004,2.354910280474239,3.9240000000000004,True,AVOIDED
proposed_enhanced,proposed_enhanced,0,30.0,30.0,0.85,2.5,20.833333333333336,True,,0.2509517983484999,7.780869947502465,0.8110889835567274,30.0,0.0,8.3385,6.460596084594727,5.018802674202992,5.094681490498234,8.3385,True,AVOIDED
proposed_enhanced,proposed_enhanced,0,30.0,30.0,0.4,2.5,20.833333333333336,True,,0.6881313327256509,3.623918595807379,2.4527353006508,30.0,0.0,3.924000000000003,13.482927322387695,5.455848694178474,2.4066832729938303,3.9240000000000004,True,AVOIDED
proposed_enhanced,proposed_enhanced,0,30.0,30.0,0.85,3.0,25.0,True,,0.29419141127554926,7.780869947502465,0.8163194591760159,30.0,0.0,8.3385,6.460597991943359,5.0620422871300415,5.062084572133394,8.3385,True,AVOIDED
proposed_enhanced,proposed_enhanced,0,30.0,30.0,0.4,3.0,25.0,True,,0.5253506047229184,3.505575885472131,1.71781762276468,30.0,0.0,3.924000000000003,13.675098419189453,5.293201480577411,2.4079269064192053,3.9240000000000004,True,AVOIDED
proposed_enhanced,proposed_enhanced,0,40.0,40.0,0.85,1.0,11.11111111111111,True,,0.5030083500627951,8.773324390796875,2.692657534160436,40.0,0.0,8.338500000000018,10.836496353149414,5.270611272618607,5.06810458044935,8.3385,True,AVOIDED
proposed_enhanced,proposed_enhanced,0,40.0,40.0,0.4,1.0,11.11111111111111,False,vehicle.ue4.audi.tt,0.0,0.0,8.431018850202848,32.405790887485395,7.594209112514604,3.924000000000003,0.0,4.905776983938589,2.9880569700825594,3.9240000000000004,True,COLLISION with vehicle.ue4.audi.tt
proposed_enhanced,proposed_enhanced,0,40.0,40.0,0.85,1.5,16.666666666666664,True,,0.5761935207546047,7.8698251675568525,1.8025247211739661,40.0,0.0,8.338500000000018,11.353862762451172,5.343777362315518,5.088887378132945,8.3385,True,AVOIDED
proposed_enhanced,proposed_enhanced,0,40.0,40.0,0.4,1.5,16.666666666666664,True,,1.4904270212504018,4.102447160543259,10.767244843514392,40.0,0.0,3.924000000000003,17.061918258666992,6.258140567986307,2.772708082814638,3.9240000000000004,True,AVOIDED
proposed_enhanced,proposed_enhanced,0,40.0,40.0,0.85,2.0,22.22222222222222,True,,0.6144828647136267,7.869828205186927,1.3226811405982255,40.0,0.0,8.338500000000018,11.353860855102539,5.382066703852514,5.07331159838516,8.3385,True,AVOIDED
proposed_enhanced,proposed_enhanced,0,40.0,40.0,0.4,2.0,22.22222222222222,True,,1.2000484481169398,4.155098673313346,11.630982374266992,40.0,0.0,3.924000000000003,22.355558395385742,5.967899323971432,2.3924182958008458,3.9240000000000004,True,AVOIDED
proposed_enhanced,proposed_enhanced,0,40.0,40.0,0.85,2.5,27.77777777777778,True,,0.6533587054483814,7.86983428045411,1.0887917497618929,40.0,0.0,8.338500000000018,11.35385513305664,5.420942542028935,5.072571981346971,8.3385,True,AVOIDED
proposed_enhanced,proposed_enhanced,0,40.0,40.0,0.4,2.5,27.77777777777778,True,,1.050806242676945,3.606014861589962,5.482309516429624,40.0,0.0,3.924000000000003,24.202226638793945,5.818519789248377,2.4035816946748283,3.9240000000000004,True,AVOIDED
proposed_enhanced,proposed_enhanced,0,40.0,40.0,0.85,3.0,33.33333333333333,True,,0.4395047039162101,7.468276649157195,1.0919185986076827,40.0,0.0,8.3385,11.602493286132812,5.207355579770702,5.057943462688225,8.3385,True,AVOIDED
proposed_enhanced,proposed_enhanced,0,40.0,40.0,0.4,3.0,33.33333333333333,True,,1.127241732743844,3.445246854897612,3.462446767008977,40.0,0.0,3.924000000000003,24.714298248291016,5.895077349810822,2.354953719344767,3.9240000000000004,True,AVOIDED
proposed_enhanced,proposed_enhanced,0,50.0,50.0,0.85,1.0,13.88888888888889,True,,0.8584386354391338,8.60801632929169,3.86339005375091,50.0,0.0,8.338500000000018,16.95696258544922,5.626121665157446,5.059716746881487,8.3385,True,AVOIDED
proposed_enhanced,proposed_enhanced,0,50.0,50.0,0.4,1.0,13.88888888888889,False,vehicle.ue4.audi.tt,0.0,0.0,12.090469770811548,40.038301899653966,9.961698100346032,3.924000000000003,0.0,4.9100193805634404,3.060013661557994,3.9240000000000004,True,COLLISION with vehicle.ue4.audi.tt
proposed_enhanced,proposed_enhanced,0,50.0,50.0,0.85,1.5,20.833333333333336,True,,0.939524032805175,7.887537014781814,2.495463597108241,50.0,0.0,8.338500000000018,17.609840393066406,5.707126949843713,5.137411953157986,8.3385,True,AVOIDED
proposed_enhanced,proposed_enhanced,0,50.0,50.0,0.4,1.5,20.833333333333336,True,,1.7210312476202283,4.043936227498041,20.88953445192476,50.0,0.0,3.924000000000003,25.797504425048828,6.4888821234747205,2.5044600698531863,3.9240000000000004,True,AVOIDED
proposed_enhanced,proposed_enhanced,0,50.0,50.0,0.85,2.0,27.77777777777778,True,,0.9800932926783519,7.887537014781814,1.8750877715917242,50.0,0.0,8.3385,17.609840393066406,5.747696210048844,5.119825793862402,8.3385,True,AVOIDED
proposed_enhanced,proposed_enhanced,0,50.0,50.0,0.4,2.0,27.77777777777778,True,,2.244193507871845,4.044263242493696,20.24694054632457,50.0,0.0,3.924000000000003,31.530807495117188,7.012044383726337,2.4338772825315904,3.9240000000000004,True,AVOIDED
proposed_enhanced,proposed_enhanced,0,50.0,50.0,0.85,2.5,34.72222222222222,True,,0.7049213427061334,7.556610402705241,1.4922864416326875,50.0,0.0,8.338500000000018,17.930797576904297,5.472596742713541,5.106136741608403,8.3385,True,AVOIDED
proposed_enhanced,proposed_enhanced,0,50.0,50.0,0.4,2.5,34.72222222222222,True,,1.5802311819736818,3.8292706230436453,13.06381489978681,50.0,0.0,3.924000000000003,37.07072448730469,6.347948549448973,2.401690740866674,3.9240000000000004,True,AVOIDED
proposed_enhanced,proposed_enhanced,0,50.0,50.0,0.85,3.0,41.66666666666667,False,,0.0,0.0,1.3531075454744064,50.0,0.0,8.338500000000018,0.0,11.480786285804475,5.101627635267165,8.3385,True,NO BRAKE / passed
proposed_enhanced,proposed_enhanced,0,50.0,50.0,0.4,3.0,41.66666666666667,False,,0.0,0.0,6.736072333349342,50.0,0.0,3.924000000000003,0.0,11.416171669923472,2.3779319813894504,3.9240000000000004,True,NO BRAKE / passed
proposed_enhanced,proposed_enhanced,0,60.0,60.0,0.85,1.0,16.666666666666668,True,,1.133745196783174,8.853525974925764,5.014598163561872,60.0,0.0,8.3385,24.04142189025879,5.901424411260809,5.170435827998376,8.3385,True,AVOIDED
proposed_enhanced,proposed_enhanced,0,60.0,60.0,0.4,1.0,16.666666666666668,False,vehicle.ue4.audi.tt,0.0,0.0,15.172868847843377,47.336875595064356,12.663124404935644,3.924000000000021,0.0,4.914605376059551,3.158024112356161,3.9240000000000004,True,COLLISION with vehicle.ue4.audi.tt
proposed_enhanced,proposed_enhanced,0,60.0,60.0,0.85,1.5,25.0,True,,1.2646358050096431,7.660055643069512,3.434464607524483,60.0,0.0,8.3385,25.618444442749023,6.032238720342709,5.130475650487677,8.3385,True,AVOIDED
proposed_enhanced,proposed_enhanced,0,60.0,60.0,0.4,1.5,25.0,True,,1.0019528243140607,3.9637762115709787,25.851985469291943,60.0,0.0,3.924000000000021,35.82144355773926,5.769803700168553,2.6500126442433465,3.9240000000000004,True,AVOIDED
proposed_enhanced,proposed_enhanced,0,60.0,60.0,0.85,2.0,33.333333333333336,False,,0.0,0.0,2.559036087672698,60.0,0.0,8.3385,0.0,8.549518586281378,5.099229681011995,8.3385,True,NO BRAKE / passed
proposed_enhanced,proposed_enhanced,0,60.0,60.0,0.4,2.0,33.333333333333336,False,,0.0,0.0,24.885423623084712,60.0,0.0,3.924000000000003,0.0,8.484893561972706,2.6461654613091667,3.9240000000000004,True,NO BRAKE / passed
proposed_enhanced,proposed_enhanced,0,60.0,60.0,0.85,2.5,41.66666666666667,False,,0.0,0.0,2.069420174107407,60.0,0.0,3.3354000497013203,0.0,16.37025833304196,5.084939954542317,8.3385,True,NO BRAKE / passed
proposed_enhanced,proposed_enhanced,0,60.0,60.0,0.4,2.5,41.66666666666667,False,,0.0,0.0,23.707574942477038,60.0,0.0,3.9239999999999853,0.0,16.70346070239973,2.45039335977478,3.9240000000000004,True,NO BRAKE / passed
proposed_enhanced,proposed_enhanced,0,60.0,60.0,0.85,3.0,50.0,False,,0.0,0.0,1.716136131151897,60.0,0.0,3.3354000497013203,0.0,24.76255798480751,5.076422321911266,8.3385,True,NO BRAKE / passed
proposed_enhanced,proposed_enhanced,0,60.0,60.0,0.4,3.0,50.0,False,,0.0,0.0,14.498573094392802,60.0,0.0,3.9239999999999853,0.0,24.879261143057743,2.397880462972209,3.9240000000000004,True,NO BRAKE / passed
